Category: 📺央视频道, Name: CCTV-1, Total: 105, Valid: 64, Valid Percent: 60.95%, Whitelist: 0, IPv4: 21, IPv6: 84, Min Delay: 0.1 ms, Max Speed: 17.93 M/s, Avg Speed: 2.89 M/s, Max Resolution: 1920x1080
Category: 📺央视频道, Name: CCTV-2, Total: 120, Valid: 83, Valid Percent: 69.17%, Whitelist: 0, IPv4: 15, IPv6: 105, Min Delay: 0.1 ms, Max Speed: 17.57 M/s, Avg Speed: 2.30 M/s, Max Resolution: 1920x1080
Category: 📺央视频道, Name: CCTV-3, Total: 96, Valid: 64, Valid Percent: 66.67%, Whitelist: 0, IPv4: 10, IPv6: 86, Min Delay: 0.1 ms, Max Speed: 17.91 M/s, Avg Speed: 1.97 M/s, Max Resolution: 1920x1080
Category: 📺央视频道, Name: CCTV-4, Total: 136, Valid: 77, Valid Percent: 56.62%, Whitelist: 0, IPv4: 18, IPv6: 118, Min Delay: 0.1 ms, Max Speed: 18.46 M/s, Avg Speed: 2.88 M/s, Max Resolution: 1920x1080
Category: 📺央视频道, Name: CCTV-5, Total: 112, Valid: 55, Valid Percent: 49.11%, Whitelist: 0, IPv4: 18, IPv6: 94, Min Delay: 0.1 ms, Max Speed: 35.80 M/s, Avg Speed: 5.12 M/s, Max Resolution: 1920x1080
Category: 📺央视频道, Name: CCTV-5+, Total: 61, Valid: 44, Valid Percent: 72.13%, Whitelist: 0, IPv4: 3, IPv6: 58, Min Delay: 0.1 ms, Max Speed: 17.98 M/s, Avg Speed: 1.09 M/s, Max Resolution: 1920x1080
Category: 📺央视频道, Name: CCTV-6, Total: 89, Valid: 49, Valid Percent: 55.06%, Whitelist: 0, IPv4: 14, IPv6: 75, Min Delay: 0.1 ms, Max Speed: 19.70 M/s, Avg Speed: 4.59 M/s, Max Resolution: 1920x1080
Category: 📺央视频道, Name: CCTV-7, Total: 103, Valid: 72, Valid Percent: 69.90%, Whitelist: 0, IPv4: 12, IPv6: 91, Min Delay: 0.1 ms, Max Speed: 20.14 M/s, Avg Speed: 2.09 M/s, Max Resolution: 1920x1080
Category: 📺央视频道, Name: CCTV-8, Total: 99, Valid: 64, Valid Percent: 64.65%, Whitelist: 0, IPv4: 17, IPv6: 82, Min Delay: 0.1 ms, Max Speed: 20.25 M/s, Avg Speed: 4.61 M/s, Max Resolution: 1920x1080
Category: 📺央视频道, Name: CCTV-9, Total: 104, Valid: 68, Valid Percent: 65.38%, Whitelist: 0, IPv4: 9, IPv6: 95, Min Delay: 0.1 ms, Max Speed: 20.13 M/s, Avg Speed: 2.05 M/s, Max Resolution: 1920x1080
Category: 📺央视频道, Name: CCTV-10, Total: 103, Valid: 69, Valid Percent: 66.99%, Whitelist: 0, IPv4: 12, IPv6: 91, Min Delay: 0.1 ms, Max Speed: 20.75 M/s, Avg Speed: 2.84 M/s, Max Resolution: 1920x1080
Category: 📺央视频道, Name: CCTV-11, Total: 112, Valid: 76, Valid Percent: 67.86%, Whitelist: 0, IPv4: 10, IPv6: 102, Min Delay: 0.1 ms, Max Speed: 19.96 M/s, Avg Speed: 1.94 M/s, Max Resolution: 1920x1080
Category: 📺央视频道, Name: CCTV-12, Total: 108, Valid: 74, Valid Percent: 68.52%, Whitelist: 0, IPv4: 10, IPv6: 98, Min Delay: 0.1 ms, Max Speed: 18.99 M/s, Avg Speed: 2.11 M/s, Max Resolution: 1920x1080
Category: 📺央视频道, Name: CCTV-13, Total: 100, Valid: 58, Valid Percent: 58.00%, Whitelist: 0, IPv4: 17, IPv6: 83, Min Delay: 0.1 ms, Max Speed: 20.10 M/s, Avg Speed: 4.04 M/s, Max Resolution: 1920x1080
Category: 📺央视频道, Name: CCTV-14, Total: 87, Valid: 48, Valid Percent: 55.17%, Whitelist: 0, IPv4: 10, IPv6: 77, Min Delay: 0.1 ms, Max Speed: 20.60 M/s, Avg Speed: 3.29 M/s, Max Resolution: 1920x1080
Category: 📺央视频道, Name: CCTV-15, Total: 106, Valid: 74, Valid Percent: 69.81%, Whitelist: 0, IPv4: 11, IPv6: 95, Min Delay: 0.1 ms, Max Speed: 20.60 M/s, Avg Speed: 1.76 M/s, Max Resolution: 1920x1080
Category: 📺央视频道, Name: CCTV-16, Total: 44, Valid: 27, Valid Percent: 61.36%, Whitelist: 0, IPv4: 4, IPv6: 40, Min Delay: 0.1 ms, Max Speed: 19.58 M/s, Avg Speed: 1.59 M/s, Max Resolution: 1920x1080
Category: 📺央视频道, Name: CCTV-17, Total: 90, Valid: 53, Valid Percent: 58.89%, Whitelist: 0, IPv4: 9, IPv6: 81, Min Delay: 0.1 ms, Max Speed: 20.51 M/s, Avg Speed: 2.56 M/s, Max Resolution: 1920x1080
Category: 📺央视频道, Name: CETV-1, Total: 46, Valid: 2, Valid Percent: 4.35%, Whitelist: 0, IPv4: 2, IPv6: 44, Min Delay: 56 ms, Max Speed: 20.64 M/s, Avg Speed: 18.83 M/s, Max Resolution: 1920x1080
Category: 📺央视频道, Name: CETV-2, Total: 35, Valid: 2, Valid Percent: 5.71%, Whitelist: 0, IPv4: 2, IPv6: 33, Min Delay: 52 ms, Max Speed: 18.46 M/s, Avg Speed: 17.78 M/s, Max Resolution: 1920x1080
Category: 📺央视频道, Name: CETV-3, Total: 6, Valid: 0, Valid Percent: 0.00%, Whitelist: 0, IPv4: 0, IPv6: 6, Min Delay: -1 ms, Max Speed: 0.00 M/s, Avg Speed: 0.00 M/s, Max Resolution: None
Category: 📺央视频道, Name: CETV-4, Total: 38, Valid: 2, Valid Percent: 5.26%, Whitelist: 0, IPv4: 2, IPv6: 36, Min Delay: 54 ms, Max Speed: 19.83 M/s, Avg Speed: 19.60 M/s, Max Resolution: 1920x1080
Category: 💰央视付费频道, Name: 文化精品, Total: 4, Valid: 1, Valid Percent: 25.00%, Whitelist: 0, IPv4: 1, IPv6: 3, Min Delay: 204 ms, Max Speed: 18.55 M/s, Avg Speed: 18.55 M/s, Max Resolution: 1920x1080
Category: 💰央视付费频道, Name: 央视台球, Total: 4, Valid: 1, Valid Percent: 25.00%, Whitelist: 0, IPv4: 0, IPv6: 4, Min Delay: 0.1 ms, Max Speed: 0.00 M/s, Avg Speed: 0.00 M/s, Max Resolution: 1920x1080
Category: 💰央视付费频道, Name: 风云音乐, Total: 4, Valid: 1, Valid Percent: 25.00%, Whitelist: 0, IPv4: 1, IPv6: 3, Min Delay: 221 ms, Max Speed: 16.94 M/s, Avg Speed: 16.94 M/s, Max Resolution: 1920x1080
Category: 💰央视付费频道, Name: 第一剧场, Total: 6, Valid: 1, Valid Percent: 16.67%, Whitelist: 0, IPv4: 1, IPv6: 5, Min Delay: 539 ms, Max Speed: 0.04 M/s, Avg Speed: 0.04 M/s, Max Resolution: 1920x1080
Category: 💰央视付费频道, Name: 风云剧场, Total: 5, Valid: 1, Valid Percent: 20.00%, Whitelist: 0, IPv4: 1, IPv6: 4, Min Delay: 524 ms, Max Speed: 8.27 M/s, Avg Speed: 8.27 M/s, Max Resolution: 1920x1080
Category: 💰央视付费频道, Name: 怀旧剧场, Total: 6, Valid: 1, Valid Percent: 16.67%, Whitelist: 0, IPv4: 1, IPv6: 5, Min Delay: 357 ms, Max Speed: 11.84 M/s, Avg Speed: 11.84 M/s, Max Resolution: 1920x1080
Category: 💰央视付费频道, Name: 女性时尚, Total: 3, Valid: 0, Valid Percent: 0.00%, Whitelist: 0, IPv4: 0, IPv6: 3, Min Delay: -1 ms, Max Speed: 0.00 M/s, Avg Speed: 0.00 M/s, Max Resolution: None
Category: 💰央视付费频道, Name: 高尔夫网球, Total: 4, Valid: 1, Valid Percent: 25.00%, Whitelist: 0, IPv4: 1, IPv6: 3, Min Delay: 1600 ms, Max Speed: 0.05 M/s, Avg Speed: 0.05 M/s, Max Resolution: 1920x1080
Category: 💰央视付费频道, Name: 风云足球, Total: 7, Valid: 5, Valid Percent: 71.43%, Whitelist: 0, IPv4: 1, IPv6: 6, Min Delay: 0.1 ms, Max Speed: 15.43 M/s, Avg Speed: 3.09 M/s, Max Resolution: 1920x1080
Category: 💰央视付费频道, Name: 电视指南, Total: 3, Valid: 1, Valid Percent: 33.33%, Whitelist: 0, IPv4: 1, IPv6: 2, Min Delay: 1258 ms, Max Speed: 0.06 M/s, Avg Speed: 0.06 M/s, Max Resolution: 1920x1080
Category: 💰央视付费频道, Name: 世界地理, Total: 3, Valid: 2, Valid Percent: 66.67%, Whitelist: 0, IPv4: 1, IPv6: 2, Min Delay: 0.1 ms, Max Speed: 17.45 M/s, Avg Speed: 8.72 M/s, Max Resolution: 1920x1080
Category: 💰央视付费频道, Name: 兵器科技, Total: 3, Valid: 1, Valid Percent: 33.33%, Whitelist: 0, IPv4: 1, IPv6: 2, Min Delay: 293 ms, Max Speed: 16.22 M/s, Avg Speed: 16.22 M/s, Max Resolution: 1920x1080
Category: 📡卫视频道, Name: 广东卫视, Total: 89, Valid: 63, Valid Percent: 70.79%, Whitelist: 0, IPv4: 5, IPv6: 84, Min Delay: 0.1 ms, Max Speed: 21.40 M/s, Avg Speed: 1.23 M/s, Max Resolution: 1920x1080
Category: 📡卫视频道, Name: 香港卫视, Total: 13, Valid: 5, Valid Percent: 38.46%, Whitelist: 0, IPv4: 0, IPv6: 13, Min Delay: 0.1 ms, Max Speed: 0.00 M/s, Avg Speed: 0.00 M/s, Max Resolution: 1920x1080
Category: 📡卫视频道, Name: 浙江卫视, Total: 120, Valid: 84, Valid Percent: 70.00%, Whitelist: 0, IPv4: 16, IPv6: 104, Min Delay: 0.1 ms, Max Speed: 19.20 M/s, Avg Speed: 2.58 M/s, Max Resolution: 1920x1080
Category: 📡卫视频道, Name: 湖南卫视, Total: 97, Valid: 65, Valid Percent: 67.01%, Whitelist: 0, IPv4: 9, IPv6: 88, Min Delay: 0.1 ms, Max Speed: 37.18 M/s, Avg Speed: 1.56 M/s, Max Resolution: 3840x2160
Category: 📡卫视频道, Name: 北京卫视, Total: 88, Valid: 61, Valid Percent: 69.32%, Whitelist: 0, IPv4: 9, IPv6: 79, Min Delay: 0.1 ms, Max Speed: 38.39 M/s, Avg Speed: 4.27 M/s, Max Resolution: 1920x1080
Category: 📡卫视频道, Name: 湖北卫视, Total: 104, Valid: 75, Valid Percent: 72.12%, Whitelist: 0, IPv4: 5, IPv6: 99, Min Delay: 0.1 ms, Max Speed: 38.75 M/s, Avg Speed: 1.59 M/s, Max Resolution: 1920x1080
Category: 📡卫视频道, Name: 黑龙江卫视, Total: 76, Valid: 64, Valid Percent: 84.21%, Whitelist: 0, IPv4: 6, IPv6: 70, Min Delay: 0.1 ms, Max Speed: 43.54 M/s, Avg Speed: 3.61 M/s, Max Resolution: 1920x1080
Category: 📡卫视频道, Name: 安徽卫视, Total: 73, Valid: 63, Valid Percent: 86.30%, Whitelist: 0, IPv4: 5, IPv6: 68, Min Delay: 0.1 ms, Max Speed: 34.81 M/s, Avg Speed: 1.97 M/s, Max Resolution: 1920x1080
Category: 📡卫视频道, Name: 重庆卫视, Total: 74, Valid: 59, Valid Percent: 79.73%, Whitelist: 0, IPv4: 4, IPv6: 70, Min Delay: 0.1 ms, Max Speed: 37.91 M/s, Avg Speed: 1.88 M/s, Max Resolution: 1920x1080
Category: 📡卫视频道, Name: 东方卫视, Total: 101, Valid: 69, Valid Percent: 68.32%, Whitelist: 0, IPv4: 10, IPv6: 91, Min Delay: 0.1 ms, Max Speed: 38.39 M/s, Avg Speed: 3.65 M/s, Max Resolution: 1920x1080
Category: 📡卫视频道, Name: 东南卫视, Total: 65, Valid: 46, Valid Percent: 70.77%, Whitelist: 0, IPv4: 5, IPv6: 60, Min Delay: 0.1 ms, Max Speed: 38.80 M/s, Avg Speed: 4.10 M/s, Max Resolution: 1920x1080
Category: 📡卫视频道, Name: 甘肃卫视, Total: 39, Valid: 29, Valid Percent: 74.36%, Whitelist: 0, IPv4: 5, IPv6: 34, Min Delay: 0.1 ms, Max Speed: 39.96 M/s, Avg Speed: 5.34 M/s, Max Resolution: 1920x1080
Category: 📡卫视频道, Name: 广西卫视, Total: 47, Valid: 38, Valid Percent: 80.85%, Whitelist: 0, IPv4: 4, IPv6: 43, Min Delay: 0.1 ms, Max Speed: 41.61 M/s, Avg Speed: 2.16 M/s, Max Resolution: 1920x1080
Category: 📡卫视频道, Name: 贵州卫视, Total: 52, Valid: 40, Valid Percent: 76.92%, Whitelist: 0, IPv4: 6, IPv6: 46, Min Delay: 0.1 ms, Max Speed: 40.43 M/s, Avg Speed: 4.87 M/s, Max Resolution: 1920x1080
Category: 📡卫视频道, Name: 海南卫视, Total: 88, Valid: 42, Valid Percent: 47.73%, Whitelist: 0, IPv4: 5, IPv6: 83, Min Delay: 0.1 ms, Max Speed: 37.77 M/s, Avg Speed: 4.36 M/s, Max Resolution: 1920x1080
Category: 📡卫视频道, Name: 河北卫视, Total: 61, Valid: 47, Valid Percent: 77.05%, Whitelist: 0, IPv4: 6, IPv6: 55, Min Delay: 0.1 ms, Max Speed: 43.54 M/s, Avg Speed: 4.33 M/s, Max Resolution: 1920x1080
Category: 📡卫视频道, Name: 河南卫视, Total: 84, Valid: 55, Valid Percent: 65.48%, Whitelist: 0, IPv4: 6, IPv6: 78, Min Delay: 0.1 ms, Max Speed: 37.09 M/s, Avg Speed: 2.68 M/s, Max Resolution: 1920x1080
Category: 📡卫视频道, Name: 吉林卫视, Total: 93, Valid: 63, Valid Percent: 67.74%, Whitelist: 0, IPv4: 9, IPv6: 84, Min Delay: 0.1 ms, Max Speed: 18.91 M/s, Avg Speed: 2.34 M/s, Max Resolution: 1920x1080
Category: 📡卫视频道, Name: 江苏卫视, Total: 104, Valid: 75, Valid Percent: 72.12%, Whitelist: 0, IPv4: 12, IPv6: 92, Min Delay: 0.1 ms, Max Speed: 18.61 M/s, Avg Speed: 2.52 M/s, Max Resolution: 1920x1080
Category: 📡卫视频道, Name: 江西卫视, Total: 101, Valid: 71, Valid Percent: 70.30%, Whitelist: 0, IPv4: 7, IPv6: 94, Min Delay: 0.1 ms, Max Speed: 19.32 M/s, Avg Speed: 1.71 M/s, Max Resolution: 1920x1080
Category: 📡卫视频道, Name: 辽宁卫视, Total: 77, Valid: 43, Valid Percent: 55.84%, Whitelist: 0, IPv4: 4, IPv6: 73, Min Delay: 0.1 ms, Max Speed: 16.82 M/s, Avg Speed: 1.18 M/s, Max Resolution: 1920x1080
Category: 📡卫视频道, Name: 内蒙古卫视, Total: 48, Valid: 22, Valid Percent: 45.83%, Whitelist: 0, IPv4: 2, IPv6: 46, Min Delay: 0.1 ms, Max Speed: 17.56 M/s, Avg Speed: 1.51 M/s, Max Resolution: 1920x1080
Category: 📡卫视频道, Name: 宁夏卫视, Total: 42, Valid: 25, Valid Percent: 59.52%, Whitelist: 0, IPv4: 5, IPv6: 37, Min Delay: 0.1 ms, Max Speed: 19.68 M/s, Avg Speed: 3.42 M/s, Max Resolution: 1920x1080
Category: 📡卫视频道, Name: 青海卫视, Total: 87, Valid: 31, Valid Percent: 35.63%, Whitelist: 0, IPv4: 5, IPv6: 82, Min Delay: 0.1 ms, Max Speed: 20.58 M/s, Avg Speed: 2.81 M/s, Max Resolution: 1920x1080
Category: 📡卫视频道, Name: 山东卫视, Total: 58, Valid: 45, Valid Percent: 77.59%, Whitelist: 0, IPv4: 5, IPv6: 53, Min Delay: 0.1 ms, Max Speed: 21.04 M/s, Avg Speed: 1.91 M/s, Max Resolution: 1920x1080
Category: 📡卫视频道, Name: 山西卫视, Total: 27, Valid: 17, Valid Percent: 62.96%, Whitelist: 0, IPv4: 5, IPv6: 22, Min Delay: 0.1 ms, Max Speed: 21.01 M/s, Avg Speed: 5.27 M/s, Max Resolution: 1920x1080
Category: 📡卫视频道, Name: 陕西卫视, Total: 57, Valid: 27, Valid Percent: 47.37%, Whitelist: 0, IPv4: 5, IPv6: 52, Min Delay: 0.1 ms, Max Speed: 20.33 M/s, Avg Speed: 2.86 M/s, Max Resolution: 1920x1080
Category: 📡卫视频道, Name: 四川卫视, Total: 47, Valid: 35, Valid Percent: 74.47%, Whitelist: 0, IPv4: 5, IPv6: 42, Min Delay: 0.1 ms, Max Speed: 19.16 M/s, Avg Speed: 2.36 M/s, Max Resolution: 1920x1080
Category: 📡卫视频道, Name: 深圳卫视, Total: 51, Valid: 38, Valid Percent: 74.51%, Whitelist: 0, IPv4: 5, IPv6: 46, Min Delay: 0.1 ms, Max Speed: 19.36 M/s, Avg Speed: 1.99 M/s, Max Resolution: 1920x1080
Category: 📡卫视频道, Name: 三沙卫视, Total: 42, Valid: 15, Valid Percent: 35.71%, Whitelist: 0, IPv4: 4, IPv6: 38, Min Delay: 0.1 ms, Max Speed: 20.74 M/s, Avg Speed: 4.71 M/s, Max Resolution: 1920x1080
Category: 📡卫视频道, Name: 天津卫视, Total: 56, Valid: 46, Valid Percent: 82.14%, Whitelist: 0, IPv4: 6, IPv6: 50, Min Delay: 0.1 ms, Max Speed: 19.22 M/s, Avg Speed: 2.31 M/s, Max Resolution: 1920x1080
Category: 📡卫视频道, Name: 西藏卫视, Total: 40, Valid: 26, Valid Percent: 65.00%, Whitelist: 0, IPv4: 5, IPv6: 35, Min Delay: 0.1 ms, Max Speed: 18.89 M/s, Avg Speed: 2.69 M/s, Max Resolution: 1920x1080
Category: 📡卫视频道, Name: 新疆卫视, Total: 37, Valid: 27, Valid Percent: 72.97%, Whitelist: 0, IPv4: 6, IPv6: 31, Min Delay: 0.1 ms, Max Speed: 19.18 M/s, Avg Speed: 3.21 M/s, Max Resolution: 1920x1080
Category: 📡卫视频道, Name: 云南卫视, Total: 38, Valid: 29, Valid Percent: 76.32%, Whitelist: 0, IPv4: 5, IPv6: 33, Min Delay: 0.1 ms, Max Speed: 17.98 M/s, Avg Speed: 2.75 M/s, Max Resolution: 1920x1080
Category: ☘️广东频道, Name: 广东珠江, Total: 73, Valid: 39, Valid Percent: 53.42%, Whitelist: 0, IPv4: 0, IPv6: 73, Min Delay: 0.1 ms, Max Speed: 0.00 M/s, Avg Speed: 0.00 M/s, Max Resolution: 1920x1080
Category: ☘️广东频道, Name: 广东体育, Total: 59, Valid: 9, Valid Percent: 15.25%, Whitelist: 0, IPv4: 0, IPv6: 59, Min Delay: 0.1 ms, Max Speed: 0.00 M/s, Avg Speed: 0.00 M/s, Max Resolution: 1920x1080
Category: ☘️广东频道, Name: 广东新闻, Total: 35, Valid: 7, Valid Percent: 20.00%, Whitelist: 0, IPv4: 0, IPv6: 35, Min Delay: 0.1 ms, Max Speed: 0.00 M/s, Avg Speed: 0.00 M/s, Max Resolution: 1920x1080
Category: ☘️广东频道, Name: 广东卫视, Total: 84, Valid: 58, Valid Percent: 69.05%, Whitelist: 0, IPv4: 0, IPv6: 84, Min Delay: 0.1 ms, Max Speed: 0.00 M/s, Avg Speed: 0.00 M/s, Max Resolution: 1920x1080
Category: ☘️广东频道, Name: 广东民生, Total: 33, Valid: 6, Valid Percent: 18.18%, Whitelist: 0, IPv4: 0, IPv6: 33, Min Delay: 0.1 ms, Max Speed: 0.00 M/s, Avg Speed: 0.00 M/s, Max Resolution: 1920x1080
Category: ☘️广东频道, Name: 大湾区卫视, Total: 34, Valid: 15, Valid Percent: 44.12%, Whitelist: 0, IPv4: 3, IPv6: 31, Min Delay: 0.1 ms, Max Speed: 19.15 M/s, Avg Speed: 3.51 M/s, Max Resolution: 1920x1080
Category: ☘️广东频道, Name: 广州综合, Total: 40, Valid: 38, Valid Percent: 95.00%, Whitelist: 0, IPv4: 0, IPv6: 40, Min Delay: 0.1 ms, Max Speed: 0.00 M/s, Avg Speed: 0.00 M/s, Max Resolution: 1920x1080
Category: ☘️广东频道, Name: 广州影视, Total: 32, Valid: 31, Valid Percent: 96.88%, Whitelist: 0, IPv4: 0, IPv6: 32, Min Delay: 0.1 ms, Max Speed: 0.00 M/s, Avg Speed: 0.00 M/s, Max Resolution: 1920x1080
Category: ☘️广东频道, Name: 广州竞赛, Total: 24, Valid: 10, Valid Percent: 41.67%, Whitelist: 0, IPv4: 0, IPv6: 24, Min Delay: 0.1 ms, Max Speed: 0.00 M/s, Avg Speed: 0.00 M/s, Max Resolution: 1920x1080
Category: ☘️广东频道, Name: 江门综合, Total: 9, Valid: 9, Valid Percent: 100.00%, Whitelist: 0, IPv4: 0, IPv6: 9, Min Delay: 0.1 ms, Max Speed: 0.00 M/s, Avg Speed: 0.00 M/s, Max Resolution: 1920x1080
Category: ☘️广东频道, Name: 佛山综合, Total: 24, Valid: 15, Valid Percent: 62.50%, Whitelist: 0, IPv4: 0, IPv6: 24, Min Delay: 0.1 ms, Max Speed: 0.00 M/s, Avg Speed: 0.00 M/s, Max Resolution: 1920x1080
Category: ☘️广东频道, Name: 深圳卫视, Total: 46, Valid: 33, Valid Percent: 71.74%, Whitelist: 0, IPv4: 0, IPv6: 46, Min Delay: 0.1 ms, Max Speed: 0.00 M/s, Avg Speed: 0.00 M/s, Max Resolution: 1920x1080
Category: ☘️广东频道, Name: 汕头综合, Total: 9, Valid: 9, Valid Percent: 100.00%, Whitelist: 0, IPv4: 0, IPv6: 9, Min Delay: 0.1 ms, Max Speed: 0.00 M/s, Avg Speed: 0.00 M/s, Max Resolution: 1920x1080
Category: ☘️广东频道, Name: 汕头经济, Total: 6, Valid: 6, Valid Percent: 100.00%, Whitelist: 0, IPv4: 0, IPv6: 6, Min Delay: 0.1 ms, Max Speed: 0.00 M/s, Avg Speed: 0.00 M/s, Max Resolution: 1920x1080
Category: ☘️浙江频道, Name: 浙江钱江, Total: 9, Valid: 9, Valid Percent: 100.00%, Whitelist: 0, IPv4: 0, IPv6: 9, Min Delay: 0.1 ms, Max Speed: 0.00 M/s, Avg Speed: 0.00 M/s, Max Resolution: 1920x1080
Category: ☘️浙江频道, Name: 浙江钱江都市, Total: 8, Valid: 5, Valid Percent: 62.50%, Whitelist: 0, IPv4: 2, IPv6: 6, Min Delay: 0.1 ms, Max Speed: 1.11 M/s, Avg Speed: 0.38 M/s, Max Resolution: 1920x1080
Category: ☘️浙江频道, Name: 浙江钱江台, Total: 2, Valid: 2, Valid Percent: 100.00%, Whitelist: 0, IPv4: 0, IPv6: 2, Min Delay: 0.1 ms, Max Speed: 0.00 M/s, Avg Speed: 0.00 M/s, Max Resolution: 1920x1080
Category: ☘️浙江频道, Name: 浙江生活, Total: 14, Valid: 14, Valid Percent: 100.00%, Whitelist: 0, IPv4: 0, IPv6: 14, Min Delay: 0.1 ms, Max Speed: 0.00 M/s, Avg Speed: 0.00 M/s, Max Resolution: 1920x1080
Category: ☘️浙江频道, Name: 浙江经济生活, Total: 9, Valid: 7, Valid Percent: 77.78%, Whitelist: 0, IPv4: 1, IPv6: 8, Min Delay: 0.1 ms, Max Speed: 0.56 M/s, Avg Speed: 0.08 M/s, Max Resolution: 1920x1080
Category: ☘️浙江频道, Name: 浙江教育, Total: 3, Valid: 3, Valid Percent: 100.00%, Whitelist: 0, IPv4: 0, IPv6: 3, Min Delay: 0.1 ms, Max Speed: 0.00 M/s, Avg Speed: 0.00 M/s, Max Resolution: 1920x1080
Category: ☘️浙江频道, Name: 浙江民生, Total: 6, Valid: 2, Valid Percent: 33.33%, Whitelist: 0, IPv4: 1, IPv6: 5, Min Delay: 0.1 ms, Max Speed: 1.03 M/s, Avg Speed: 0.51 M/s, Max Resolution: 1920x1080
Category: ☘️浙江频道, Name: 浙江新闻, Total: 20, Valid: 16, Valid Percent: 80.00%, Whitelist: 0, IPv4: 1, IPv6: 19, Min Delay: 0.1 ms, Max Speed: 0.77 M/s, Avg Speed: 0.05 M/s, Max Resolution: 1920x1080
Category: ☘️浙江频道, Name: 浙江少儿, Total: 16, Valid: 13, Valid Percent: 81.25%, Whitelist: 0, IPv4: 1, IPv6: 15, Min Delay: 0.1 ms, Max Speed: 0.99 M/s, Avg Speed: 0.08 M/s, Max Resolution: 1920x1080
Category: ☘️浙江频道, Name: 杭州综合, Total: 4, Valid: 4, Valid Percent: 100.00%, Whitelist: 0, IPv4: 0, IPv6: 4, Min Delay: 0.1 ms, Max Speed: 0.00 M/s, Avg Speed: 0.00 M/s, Max Resolution: 1920x1080
Category: ☘️浙江频道, Name: 杭州明珠, Total: 3, Valid: 3, Valid Percent: 100.00%, Whitelist: 0, IPv4: 0, IPv6: 3, Min Delay: 0.1 ms, Max Speed: 0.00 M/s, Avg Speed: 0.00 M/s, Max Resolution: 1920x1080
Category: ☘️浙江频道, Name: 杭州生活, Total: 6, Valid: 6, Valid Percent: 100.00%, Whitelist: 0, IPv4: 0, IPv6: 6, Min Delay: 0.1 ms, Max Speed: 0.00 M/s, Avg Speed: 0.00 M/s, Max Resolution: 1920x1080
Category: ☘️浙江频道, Name: 杭州影视, Total: 3, Valid: 3, Valid Percent: 100.00%, Whitelist: 0, IPv4: 0, IPv6: 3, Min Delay: 0.1 ms, Max Speed: 0.00 M/s, Avg Speed: 0.00 M/s, Max Resolution: 1920x1080
Category: ☘️浙江频道, Name: 杭州少体, Total: 1, Valid: 1, Valid Percent: 100.00%, Whitelist: 0, IPv4: 0, IPv6: 1, Min Delay: 0.1 ms, Max Speed: 0.00 M/s, Avg Speed: 0.00 M/s, Max Resolution: 1920x1080
Category: ☘️浙江频道, Name: 浙江教科, Total: 3, Valid: 3, Valid Percent: 100.00%, Whitelist: 0, IPv4: 0, IPv6: 3, Min Delay: 0.1 ms, Max Speed: 0.00 M/s, Avg Speed: 0.00 M/s, Max Resolution: 1920x1080
Category: ☘️浙江频道, Name: 浙江经济, Total: 2, Valid: 2, Valid Percent: 100.00%, Whitelist: 0, IPv4: 0, IPv6: 2, Min Delay: 0.1 ms, Max Speed: 0.00 M/s, Avg Speed: 0.00 M/s, Max Resolution: 1920x1080
Category: ☘️浙江频道, Name: 之江纪录, Total: 3, Valid: 3, Valid Percent: 100.00%, Whitelist: 0, IPv4: 0, IPv6: 3, Min Delay: 0.1 ms, Max Speed: 0.00 M/s, Avg Speed: 0.00 M/s, Max Resolution: 1920x1080
Category: ☘️浙江频道, Name: 浙江国际, Total: 15, Valid: 11, Valid Percent: 73.33%, Whitelist: 0, IPv4: 2, IPv6: 13, Min Delay: 0.1 ms, Max Speed: 1.02 M/s, Avg Speed: 0.17 M/s, Max Resolution: 1920x1080
Category: ☘️浙江频道, Name: 嘉兴新闻综合, Total: 2, Valid: 2, Valid Percent: 100.00%, Whitelist: 0, IPv4: 1, IPv6: 1, Min Delay: 0.1 ms, Max Speed: 0.80 M/s, Avg Speed: 0.40 M/s, Max Resolution: 1920x1080
Category: ☘️浙江频道, Name: 湖州公共, Total: 7, Valid: 3, Valid Percent: 42.86%, Whitelist: 0, IPv4: 0, IPv6: 7, Min Delay: 0.1 ms, Max Speed: 0.00 M/s, Avg Speed: 0.00 M/s, Max Resolution: 1920x1080
Category: ☘️浙江频道, Name: 湖州新闻综合, Total: 4, Valid: 4, Valid Percent: 100.00%, Whitelist: 0, IPv4: 4, IPv6: 0, Min Delay: 1262 ms, Max Speed: 0.25 M/s, Avg Speed: 0.20 M/s, Max Resolution: 1280x720
Category: ☘️浙江频道, Name: 湖州文化娱乐, Total: 3, Valid: 3, Valid Percent: 100.00%, Whitelist: 0, IPv4: 3, IPv6: 0, Min Delay: 1161 ms, Max Speed: 0.22 M/s, Avg Speed: 0.18 M/s, Max Resolution: 1280x720
Category: ☘️浙江频道, Name: 浙江经视, Total: 2, Valid: 2, Valid Percent: 100.00%, Whitelist: 0, IPv4: 0, IPv6: 2, Min Delay: 0.1 ms, Max Speed: 0.00 M/s, Avg Speed: 0.00 M/s, Max Resolution: 1920x1080
Category: ☘️浙江频道, Name: 浙江留学, Total: 2, Valid: 2, Valid Percent: 100.00%, Whitelist: 0, IPv4: 0, IPv6: 2, Min Delay: 0.1 ms, Max Speed: 0.00 M/s, Avg Speed: 0.00 M/s, Max Resolution: 1920x1080
Category: ☘️浙江频道, Name: 浙江民生休闲, Total: 14, Valid: 8, Valid Percent: 57.14%, Whitelist: 0, IPv4: 1, IPv6: 13, Min Delay: 0.1 ms, Max Speed: 0.69 M/s, Avg Speed: 0.09 M/s, Max Resolution: 1920x1080
Category: ☘️浙江频道, Name: 浙江数码时代, Total: 1, Valid: 1, Valid Percent: 100.00%, Whitelist: 0, IPv4: 0, IPv6: 1, Min Delay: 0.1 ms, Max Speed: 0.00 M/s, Avg Speed: 0.00 M/s, Max Resolution: 1920x1080
Category: ☘️浙江频道, Name: 浙江教科影院, Total: 1, Valid: 1, Valid Percent: 100.00%, Whitelist: 0, IPv4: 0, IPv6: 1, Min Delay: 0.1 ms, Max Speed: 0.00 M/s, Avg Speed: 0.00 M/s, Max Resolution: 1920x1080
Category: ☘️浙江频道, Name: 浙江教科影视, Total: 6, Valid: 5, Valid Percent: 83.33%, Whitelist: 0, IPv4: 1, IPv6: 5, Min Delay: 0.1 ms, Max Speed: 0.88 M/s, Avg Speed: 0.18 M/s, Max Resolution: 1920x1080
Category: ☘️浙江频道, Name: 浙江公共新闻, Total: 5, Valid: 3, Valid Percent: 60.00%, Whitelist: 0, IPv4: 0, IPv6: 5, Min Delay: 0.1 ms, Max Speed: 0.00 M/s, Avg Speed: 0.00 M/s, Max Resolution: 1920x1080
Category: ☘️浙江频道, Name: 浙江休闲台, Total: 1, Valid: 1, Valid Percent: 100.00%, Whitelist: 0, IPv4: 0, IPv6: 1, Min Delay: 0.1 ms, Max Speed: 0.00 M/s, Avg Speed: 0.00 M/s, Max Resolution: 1920x1080
Category: ☘️浙江频道, Name: 浙江遂昌, Total: 1, Valid: 1, Valid Percent: 100.00%, Whitelist: 0, IPv4: 0, IPv6: 1, Min Delay: 0.1 ms, Max Speed: 0.00 M/s, Avg Speed: 0.00 M/s, Max Resolution: 1920x1080
Category: ☘️浙江频道, Name: 诸暨新闻综合, Total: 2, Valid: 2, Valid Percent: 100.00%, Whitelist: 0, IPv4: 0, IPv6: 2, Min Delay: 0.1 ms, Max Speed: 0.00 M/s, Avg Speed: 0.00 M/s, Max Resolution: 1920x1080
Category: ☘️浙江频道, Name: 龙游生活娱乐, Total: 2, Valid: 2, Valid Percent: 100.00%, Whitelist: 0, IPv4: 0, IPv6: 2, Min Delay: 0.1 ms, Max Speed: 0.00 M/s, Avg Speed: 0.00 M/s, Max Resolution: 1920x1080
Category: ☘️浙江频道, Name: 龙游新闻综合, Total: 2, Valid: 2, Valid Percent: 100.00%, Whitelist: 0, IPv4: 0, IPv6: 2, Min Delay: 0.1 ms, Max Speed: 0.00 M/s, Avg Speed: 0.00 M/s, Max Resolution: 1920x1080
Category: ☘️浙江频道, Name: 龙泉新闻综合, Total: 1, Valid: 1, Valid Percent: 100.00%, Whitelist: 0, IPv4: 0, IPv6: 1, Min Delay: 0.1 ms, Max Speed: 0.00 M/s, Avg Speed: 0.00 M/s, Max Resolution: 1920x1080
Category: ☘️浙江频道, Name: 青田电视台, Total: 1, Valid: 1, Valid Percent: 100.00%, Whitelist: 0, IPv4: 0, IPv6: 1, Min Delay: 0.1 ms, Max Speed: 0.00 M/s, Avg Speed: 0.00 M/s, Max Resolution: 1920x1080
Category: ☘️浙江频道, Name: 遂昌综合, Total: 1, Valid: 1, Valid Percent: 100.00%, Whitelist: 0, IPv4: 0, IPv6: 1, Min Delay: 0.1 ms, Max Speed: 0.00 M/s, Avg Speed: 0.00 M/s, Max Resolution: 1920x1080
Category: ☘️浙江频道, Name: 遂昌新闻综合, Total: 1, Valid: 1, Valid Percent: 100.00%, Whitelist: 0, IPv4: 0, IPv6: 1, Min Delay: 0.1 ms, Max Speed: 0.00 M/s, Avg Speed: 0.00 M/s, Max Resolution: 1920x1080
Category: ☘️浙江频道, Name: 象山综合, Total: 1, Valid: 1, Valid Percent: 100.00%, Whitelist: 0, IPv4: 1, IPv6: 0, Min Delay: 2609 ms, Max Speed: 0.56 M/s, Avg Speed: 0.56 M/s, Max Resolution: 1920x1080
Category: ☘️浙江频道, Name: 衢江新闻综合, Total: 6, Valid: 2, Valid Percent: 33.33%, Whitelist: 0, IPv4: 0, IPv6: 6, Min Delay: 0.1 ms, Max Speed: 0.00 M/s, Avg Speed: 0.00 M/s, Max Resolution: 1920x1080
Category: ☘️浙江频道, Name: 萧山生活, Total: 2, Valid: 2, Valid Percent: 100.00%, Whitelist: 0, IPv4: 0, IPv6: 2, Min Delay: 0.1 ms, Max Speed: 0.00 M/s, Avg Speed: 0.00 M/s, Max Resolution: 1920x1080
Category: ☘️浙江频道, Name: 萧山新闻综合, Total: 10, Valid: 10, Valid Percent: 100.00%, Whitelist: 0, IPv4: 0, IPv6: 10, Min Delay: 0.1 ms, Max Speed: 0.00 M/s, Avg Speed: 0.00 M/s, Max Resolution: 1920x1080
Category: ☘️浙江频道, Name: 苍南新闻综合, Total: 9, Valid: 3, Valid Percent: 33.33%, Whitelist: 0, IPv4: 0, IPv6: 9, Min Delay: 0.1 ms, Max Speed: 0.00 M/s, Avg Speed: 0.00 M/s, Max Resolution: 1920x1080
Category: ☘️浙江频道, Name: 缙云综合, Total: 1, Valid: 1, Valid Percent: 100.00%, Whitelist: 0, IPv4: 0, IPv6: 1, Min Delay: 0.1 ms, Max Speed: 0.00 M/s, Avg Speed: 0.00 M/s, Max Resolution: 1920x1080
Category: ☘️浙江频道, Name: 缙云新闻综合, Total: 1, Valid: 1, Valid Percent: 100.00%, Whitelist: 0, IPv4: 0, IPv6: 1, Min Delay: 0.1 ms, Max Speed: 0.00 M/s, Avg Speed: 0.00 M/s, Max Resolution: 1920x1080
Category: ☘️浙江频道, Name: 绍兴电视台公共, Total: 1, Valid: 1, Valid Percent: 100.00%, Whitelist: 0, IPv4: 1, IPv6: 0, Min Delay: 7836 ms, Max Speed: 0.13 M/s, Avg Speed: 0.13 M/s, Max Resolution: 1280x720
Category: ☘️浙江频道, Name: 绍兴新闻综合, Total: 6, Valid: 3, Valid Percent: 50.00%, Whitelist: 0, IPv4: 0, IPv6: 6, Min Delay: 0.1 ms, Max Speed: 0.00 M/s, Avg Speed: 0.00 M/s, Max Resolution: 1920x1080
Category: ☘️浙江频道, Name: 绍兴文化影院, Total: 5, Valid: 4, Valid Percent: 80.00%, Whitelist: 0, IPv4: 0, IPv6: 5, Min Delay: 0.1 ms, Max Speed: 0.00 M/s, Avg Speed: 0.00 M/s, Max Resolution: 1920x1080
Category: ☘️浙江频道, Name: 绍兴文化影视, Total: 2, Valid: 1, Valid Percent: 50.00%, Whitelist: 0, IPv4: 0, IPv6: 2, Min Delay: 0.1 ms, Max Speed: 0.00 M/s, Avg Speed: 0.00 M/s, Max Resolution: 1920x1080
Category: ☘️浙江频道, Name: 绍兴公共, Total: 7, Valid: 5, Valid Percent: 71.43%, Whitelist: 0, IPv4: 0, IPv6: 7, Min Delay: 0.1 ms, Max Speed: 0.00 M/s, Avg Speed: 0.00 M/s, Max Resolution: 1920x1080
Category: ☘️浙江频道, Name: 湖州公共民生, Total: 1, Valid: 1, Valid Percent: 100.00%, Whitelist: 0, IPv4: 1, IPv6: 0, Min Delay: 1926 ms, Max Speed: 0.24 M/s, Avg Speed: 0.24 M/s, Max Resolution: 1280x720
Category: ☘️浙江频道, Name: 海宁新闻综合, Total: 3, Valid: 3, Valid Percent: 100.00%, Whitelist: 0, IPv4: 3, IPv6: 0, Min Delay: 972 ms, Max Speed: 0.53 M/s, Avg Speed: 0.35 M/s, Max Resolution: 1280x720
Category: ☘️浙江频道, Name: 洞头综合, Total: 1, Valid: 1, Valid Percent: 100.00%, Whitelist: 0, IPv4: 0, IPv6: 1, Min Delay: 0.1 ms, Max Speed: 0.00 M/s, Avg Speed: 0.00 M/s, Max Resolution: 1920x1080
Category: ☘️浙江频道, Name: 永嘉新闻综合, Total: 6, Valid: 2, Valid Percent: 33.33%, Whitelist: 0, IPv4: 0, IPv6: 6, Min Delay: 0.1 ms, Max Speed: 0.00 M/s, Avg Speed: 0.00 M/s, Max Resolution: 1920x1080
Category: ☘️浙江频道, Name: 武义新闻综合, Total: 3, Valid: 3, Valid Percent: 100.00%, Whitelist: 0, IPv4: 0, IPv6: 3, Min Delay: 0.1 ms, Max Speed: 0.00 M/s, Avg Speed: 0.00 M/s, Max Resolution: 1920x1080
Category: ☘️浙江频道, Name: 松阳综合, Total: 1, Valid: 1, Valid Percent: 100.00%, Whitelist: 0, IPv4: 0, IPv6: 1, Min Delay: 0.1 ms, Max Speed: 0.00 M/s, Avg Speed: 0.00 M/s, Max Resolution: 1920x1080
Category: ☘️浙江频道, Name: 松阳新闻综合, Total: 1, Valid: 1, Valid Percent: 100.00%, Whitelist: 0, IPv4: 0, IPv6: 1, Min Delay: 0.1 ms, Max Speed: 0.00 M/s, Avg Speed: 0.00 M/s, Max Resolution: 1920x1080
Category: ☘️浙江频道, Name: 普陀电视台, Total: 2, Valid: 2, Valid Percent: 100.00%, Whitelist: 0, IPv4: 0, IPv6: 2, Min Delay: 0.1 ms, Max Speed: 0.00 M/s, Avg Speed: 0.00 M/s, Max Resolution: 1920x1080
Category: ☘️浙江频道, Name: 普陀新闻综合, Total: 1, Valid: 1, Valid Percent: 100.00%, Whitelist: 0, IPv4: 0, IPv6: 1, Min Delay: 0.1 ms, Max Speed: 0.00 M/s, Avg Speed: 0.00 M/s, Max Resolution: 1920x1080
Category: ☘️浙江频道, Name: 新昌生活, Total: 1, Valid: 1, Valid Percent: 100.00%, Whitelist: 0, IPv4: 0, IPv6: 1, Min Delay: 0.1 ms, Max Speed: 0.00 M/s, Avg Speed: 0.00 M/s, Max Resolution: 1920x1080
Category: ☘️浙江频道, Name: 新昌新闻综合, Total: 6, Valid: 4, Valid Percent: 66.67%, Whitelist: 0, IPv4: 0, IPv6: 6, Min Delay: 0.1 ms, Max Speed: 0.00 M/s, Avg Speed: 0.00 M/s, Max Resolution: 1920x1080
Category: ☘️浙江频道, Name: 文成综合, Total: 1, Valid: 1, Valid Percent: 100.00%, Whitelist: 0, IPv4: 0, IPv6: 1, Min Delay: 0.1 ms, Max Speed: 0.00 M/s, Avg Speed: 0.00 M/s, Max Resolution: 1920x1080
Category: ☘️浙江频道, Name: 文成新闻综合, Total: 1, Valid: 1, Valid Percent: 100.00%, Whitelist: 0, IPv4: 0, IPv6: 1, Min Delay: 0.1 ms, Max Speed: 0.00 M/s, Avg Speed: 0.00 M/s, Max Resolution: 1920x1080
Category: ☘️浙江频道, Name: 数码时代, Total: 1, Valid: 1, Valid Percent: 100.00%, Whitelist: 0, IPv4: 0, IPv6: 1, Min Delay: 0.1 ms, Max Speed: 0.00 M/s, Avg Speed: 0.00 M/s, Max Resolution: 1920x1080
Category: ☘️浙江频道, Name: 开化新闻综合, Total: 3, Valid: 2, Valid Percent: 66.67%, Whitelist: 0, IPv4: 0, IPv6: 3, Min Delay: 0.1 ms, Max Speed: 0.00 M/s, Avg Speed: 0.00 M/s, Max Resolution: 1920x1080
Category: ☘️浙江频道, Name: 开化国家公园, Total: 1, Valid: 1, Valid Percent: 100.00%, Whitelist: 0, IPv4: 0, IPv6: 1, Min Delay: 0.1 ms, Max Speed: 0.00 M/s, Avg Speed: 0.00 M/s, Max Resolution: 1920x1080
Category: ☘️浙江频道, Name: 庆元综合, Total: 2, Valid: 2, Valid Percent: 100.00%, Whitelist: 0, IPv4: 0, IPv6: 2, Min Delay: 0.1 ms, Max Speed: 0.00 M/s, Avg Speed: 0.00 M/s, Max Resolution: 1920x1080
Category: ☘️浙江频道, Name: 庆元新闻综合, Total: 1, Valid: 1, Valid Percent: 100.00%, Whitelist: 0, IPv4: 0, IPv6: 1, Min Delay: 0.1 ms, Max Speed: 0.00 M/s, Avg Speed: 0.00 M/s, Max Resolution: 1920x1080
Category: ☘️浙江频道, Name: 平湖民生休闲, Total: 1, Valid: 1, Valid Percent: 100.00%, Whitelist: 0, IPv4: 0, IPv6: 1, Min Delay: 0.1 ms, Max Speed: 0.00 M/s, Avg Speed: 0.00 M/s, Max Resolution: 1920x1080
Category: ☘️浙江频道, Name: 平湖新闻综合, Total: 7, Valid: 5, Valid Percent: 71.43%, Whitelist: 0, IPv4: 0, IPv6: 7, Min Delay: 0.1 ms, Max Speed: 0.00 M/s, Avg Speed: 0.00 M/s, Max Resolution: 1920x1080
Category: ☘️浙江频道, Name: 嵊泗综合, Total: 4, Valid: 3, Valid Percent: 75.00%, Whitelist: 0, IPv4: 0, IPv6: 4, Min Delay: 0.1 ms, Max Speed: 0.00 M/s, Avg Speed: 0.00 M/s, Max Resolution: 1920x1080
Category: ☘️浙江频道, Name: 嵊泗新闻综合, Total: 1, Valid: 1, Valid Percent: 100.00%, Whitelist: 0, IPv4: 0, IPv6: 1, Min Delay: 0.1 ms, Max Speed: 0.00 M/s, Avg Speed: 0.00 M/s, Max Resolution: 1920x1080
Category: ☘️浙江频道, Name: 嵊州新闻综合, Total: 2, Valid: 1, Valid Percent: 50.00%, Whitelist: 0, IPv4: 0, IPv6: 2, Min Delay: 0.1 ms, Max Speed: 0.00 M/s, Avg Speed: 0.00 M/s, Max Resolution: 1920x1080
Category: ☘️浙江频道, Name: 兰溪新闻综合, Total: 5, Valid: 3, Valid Percent: 60.00%, Whitelist: 0, IPv4: 0, IPv6: 5, Min Delay: 0.1 ms, Max Speed: 0.00 M/s, Avg Speed: 0.00 M/s, Max Resolution: 1920x1080
Category: ☘️浙江频道, Name: 余杭综合, Total: 1, Valid: 1, Valid Percent: 100.00%, Whitelist: 0, IPv4: 0, IPv6: 1, Min Delay: 0.1 ms, Max Speed: 0.00 M/s, Avg Speed: 0.00 M/s, Max Resolution: 1920x1080
Category: ☘️浙江频道, Name: 余杭未来E, Total: 1, Valid: 1, Valid Percent: 100.00%, Whitelist: 0, IPv4: 0, IPv6: 1, Min Delay: 0.1 ms, Max Speed: 0.00 M/s, Avg Speed: 0.00 M/s, Max Resolution: 1920x1080
Category: ☘️浙江频道, Name: 余姚综合, Total: 1, Valid: 1, Valid Percent: 100.00%, Whitelist: 0, IPv4: 0, IPv6: 1, Min Delay: 0.1 ms, Max Speed: 0.00 M/s, Avg Speed: 0.00 M/s, Max Resolution: 1920x1080
Category: ☘️浙江频道, Name: 余姚新闻综合, Total: 2, Valid: 2, Valid Percent: 100.00%, Whitelist: 0, IPv4: 0, IPv6: 2, Min Delay: 0.1 ms, Max Speed: 0.00 M/s, Avg Speed: 0.00 M/s, Max Resolution: 1920x1080
Category: ☘️浙江频道, Name: 余姚姚江文化, Total: 3, Valid: 3, Valid Percent: 100.00%, Whitelist: 0, IPv4: 0, IPv6: 3, Min Delay: 0.1 ms, Max Speed: 0.00 M/s, Avg Speed: 0.00 M/s, Max Resolution: 1920x1080
Category: ☘️浙江频道, Name: 云和新闻综合, Total: 1, Valid: 1, Valid Percent: 100.00%, Whitelist: 0, IPv4: 0, IPv6: 1, Min Delay: 0.1 ms, Max Speed: 0.00 M/s, Avg Speed: 0.00 M/s, Max Resolution: 1920x1080
Category: ☘️浙江频道, Name: 中国蓝新闻, Total: 3, Valid: 3, Valid Percent: 100.00%, Whitelist: 0, IPv4: 1, IPv6: 2, Min Delay: 0.1 ms, Max Speed: 0.27 M/s, Avg Speed: 0.09 M/s, Max Resolution: 1920x1080
Category: ☘️浙江频道, Name: 东阳影视生活, Total: 1, Valid: 1, Valid Percent: 100.00%, Whitelist: 0, IPv4: 0, IPv6: 1, Min Delay: 0.1 ms, Max Speed: 0.00 M/s, Avg Speed: 0.00 M/s, Max Resolution: 1920x1080
Category: ☘️浙江频道, Name: 上虞新闻综合, Total: 1, Valid: 1, Valid Percent: 100.00%, Whitelist: 0, IPv4: 0, IPv6: 1, Min Delay: 0.1 ms, Max Speed: 0.00 M/s, Avg Speed: 0.00 M/s, Max Resolution: 1920x1080
Category: ☘️浙江频道, Name: 上虞新商都, Total: 9, Valid: 7, Valid Percent: 77.78%, Whitelist: 0, IPv4: 0, IPv6: 9, Min Delay: 0.1 ms, Max Speed: 0.00 M/s, Avg Speed: 0.00 M/s, Max Resolution: 1920x1080
Category: ☘️浙江频道, Name: 上虞文化影院, Total: 6, Valid: 4, Valid Percent: 66.67%, Whitelist: 0, IPv4: 0, IPv6: 6, Min Delay: 0.1 ms, Max Speed: 0.00 M/s, Avg Speed: 0.00 M/s, Max Resolution: 1920x1080
Category: ☘️浙江频道, Name: 上虞文化影视, Total: 1, Valid: 1, Valid Percent: 100.00%, Whitelist: 0, IPv4: 0, IPv6: 1, Min Delay: 0.1 ms, Max Speed: 0.00 M/s, Avg Speed: 0.00 M/s, Max Resolution: 1920x1080
Category: ☘️北京频道, Name: 北京卡酷少儿, Total: 23, Valid: 0, Valid Percent: 0.00%, Whitelist: 0, IPv4: 0, IPv6: 23, Min Delay: -1 ms, Max Speed: 0.00 M/s, Avg Speed: 0.00 M/s, Max Resolution: None
Category: ☘️北京频道, Name: 北京新闻, Total: 24, Valid: 10, Valid Percent: 41.67%, Whitelist: 0, IPv4: 1, IPv6: 23, Min Delay: 0.1 ms, Max Speed: 8.71 M/s, Avg Speed: 0.87 M/s, Max Resolution: 1920x1080
Category: ☘️北京频道, Name: 北京生活, Total: 18, Valid: 4, Valid Percent: 22.22%, Whitelist: 0, IPv4: 1, IPv6: 17, Min Delay: 0.1 ms, Max Speed: 0.05 M/s, Avg Speed: 0.01 M/s, Max Resolution: 1920x1080
Category: ☘️北京频道, Name: 北京科教, Total: 1, Valid: 1, Valid Percent: 100.00%, Whitelist: 0, IPv4: 1, IPv6: 0, Min Delay: 4 ms, Max Speed: 46.64 M/s, Avg Speed: 46.64 M/s, Max Resolution: 19x24
Category: ☘️北京频道, Name: 北京财经, Total: 17, Valid: 3, Valid Percent: 17.65%, Whitelist: 0, IPv4: 0, IPv6: 17, Min Delay: 0.1 ms, Max Speed: 0.00 M/s, Avg Speed: 0.00 M/s, Max Resolution: 1920x1080
Category: ☘️北京频道, Name: 北京青年, Total: 1, Valid: 1, Valid Percent: 100.00%, Whitelist: 0, IPv4: 1, IPv6: 0, Min Delay: 4 ms, Max Speed: 48.97 M/s, Avg Speed: 48.97 M/s, Max Resolution: 19x24
Category: ☘️上海频道, Name: 七彩戏剧, Total: 2, Valid: 2, Valid Percent: 100.00%, Whitelist: 0, IPv4: 0, IPv6: 2, Min Delay: 0.1 ms, Max Speed: 0.00 M/s, Avg Speed: 0.00 M/s, Max Resolution: 1920x1080
Category: ☘️上海频道, Name: 上海外语, Total: 3, Valid: 3, Valid Percent: 100.00%, Whitelist: 0, IPv4: 0, IPv6: 3, Min Delay: 0.1 ms, Max Speed: 0.00 M/s, Avg Speed: 0.00 M/s, Max Resolution: 1920x1080
Category: ☘️上海频道, Name: 上海新闻综合, Total: 25, Valid: 2, Valid Percent: 8.00%, Whitelist: 0, IPv4: 1, IPv6: 24, Min Delay: 0.1 ms, Max Speed: 18.09 M/s, Avg Speed: 9.04 M/s, Max Resolution: 1920x1080
Category: ☘️上海频道, Name: 上海第一财经, Total: 19, Valid: 1, Valid Percent: 5.26%, Whitelist: 0, IPv4: 1, IPv6: 18, Min Delay: 49 ms, Max Speed: 18.92 M/s, Avg Speed: 18.92 M/s, Max Resolution: 1920x1080
Category: ☘️上海频道, Name: 上海纪实, Total: 7, Valid: 3, Valid Percent: 42.86%, Whitelist: 0, IPv4: 0, IPv6: 7, Min Delay: 0.1 ms, Max Speed: 0.00 M/s, Avg Speed: 0.00 M/s, Max Resolution: 1920x1080
Category: ☘️上海频道, Name: 上海都市, Total: 28, Valid: 12, Valid Percent: 42.86%, Whitelist: 0, IPv4: 0, IPv6: 28, Min Delay: 0.1 ms, Max Speed: 0.00 M/s, Avg Speed: 0.00 M/s, Max Resolution: 1920x1080
Category: ☘️上海频道, Name: 东方影视, Total: 15, Valid: 8, Valid Percent: 53.33%, Whitelist: 0, IPv4: 0, IPv6: 15, Min Delay: 0.1 ms, Max Speed: 0.00 M/s, Avg Speed: 0.00 M/s, Max Resolution: 1920x1080
Category: ☘️上海频道, Name: 东方财经, Total: 2, Valid: 2, Valid Percent: 100.00%, Whitelist: 0, IPv4: 0, IPv6: 2, Min Delay: 0.1 ms, Max Speed: 0.00 M/s, Avg Speed: 0.00 M/s, Max Resolution: 1920x1080
Category: ☘️上海频道, Name: 全纪实, Total: 3, Valid: 2, Valid Percent: 66.67%, Whitelist: 0, IPv4: 3, IPv6: 0, Min Delay: 453 ms, Max Speed: 0.27 M/s, Avg Speed: 0.17 M/s, Max Resolution: 1920x1080
Category: ☘️上海频道, Name: 动漫秀场, Total: 23, Valid: 16, Valid Percent: 69.57%, Whitelist: 0, IPv4: 1, IPv6: 22, Min Delay: 0.1 ms, Max Speed: 5.08 M/s, Avg Speed: 0.32 M/s, Max Resolution: 1920x1080
Category: ☘️上海频道, Name: 哈哈炫动, Total: 38, Valid: 19, Valid Percent: 50.00%, Whitelist: 0, IPv4: 0, IPv6: 38, Min Delay: 0.1 ms, Max Speed: 0.00 M/s, Avg Speed: 0.00 M/s, Max Resolution: 1920x1080
Category: ☘️上海频道, Name: 新闻综合, Total: 23, Valid: 16, Valid Percent: 69.57%, Whitelist: 0, IPv4: 1, IPv6: 22, Min Delay: 0.1 ms, Max Speed: 0.64 M/s, Avg Speed: 0.04 M/s, Max Resolution: 1920x1080
Category: ☘️上海频道, Name: 欢笑剧场, Total: 11, Valid: 3, Valid Percent: 27.27%, Whitelist: 0, IPv4: 0, IPv6: 11, Min Delay: 0.1 ms, Max Speed: 0.00 M/s, Avg Speed: 0.00 M/s, Max Resolution: 1920x1080
Category: ☘️上海频道, Name: 法治天地, Total: 12, Valid: 3, Valid Percent: 25.00%, Whitelist: 0, IPv4: 1, IPv6: 11, Min Delay: 0.1 ms, Max Speed: 0.89 M/s, Avg Speed: 0.30 M/s, Max Resolution: 1920x1080
Category: ☘️上海频道, Name: 生活时尚, Total: 11, Valid: 6, Valid Percent: 54.55%, Whitelist: 0, IPv4: 1, IPv6: 10, Min Delay: 0.1 ms, Max Speed: 4.44 M/s, Avg Speed: 0.74 M/s, Max Resolution: 1920x1080
Category: ☘️上海频道, Name: 第一财经, Total: 23, Valid: 18, Valid Percent: 78.26%, Whitelist: 0, IPv4: 1, IPv6: 22, Min Delay: 0.1 ms, Max Speed: 0.03 M/s, Avg Speed: 0.00 M/s, Max Resolution: 1920x1080
Category: ☘️上海频道, Name: 纪实人文, Total: 3, Valid: 0, Valid Percent: 0.00%, Whitelist: 0, IPv4: 0, IPv6: 3, Min Delay: -1 ms, Max Speed: 0.00 M/s, Avg Speed: 0.00 M/s, Max Resolution: None
Category: ☘️上海频道, Name: 都市剧场, Total: 12, Valid: 2, Valid Percent: 16.67%, Whitelist: 0, IPv4: 2, IPv6: 10, Min Delay: 13 ms, Max Speed: 8.91 M/s, Avg Speed: 4.85 M/s, Max Resolution: 1920x1080
Category: ☘️重庆频道, Name: 璧山综合, Total: 1, Valid: 1, Valid Percent: 100.00%, Whitelist: 0, IPv4: 1, IPv6: 0, Min Delay: 10198 ms, Max Speed: 0.30 M/s, Avg Speed: 0.30 M/s, Max Resolution: 1920x1080
Category: ☘️重庆频道, Name: 铜梁综合, Total: 2, Valid: 2, Valid Percent: 100.00%, Whitelist: 0, IPv4: 2, IPv6: 0, Min Delay: 7863 ms, Max Speed: 0.20 M/s, Avg Speed: 0.19 M/s, Max Resolution: 720x576
Category: ☘️重庆频道, Name: 重庆汽摩, Total: 1, Valid: 1, Valid Percent: 100.00%, Whitelist: 0, IPv4: 1, IPv6: 0, Min Delay: 10920 ms, Max Speed: 0.23 M/s, Avg Speed: 0.23 M/s, Max Resolution: 1920x1080
Category: ☘️重庆频道, Name: 荣昌综合, Total: 2, Valid: 2, Valid Percent: 100.00%, Whitelist: 0, IPv4: 2, IPv6: 0, Min Delay: 3149 ms, Max Speed: 0.17 M/s, Avg Speed: 0.16 M/s, Max Resolution: 720x404
Category: ☘️重庆频道, Name: 潼南综合, Total: 1, Valid: 1, Valid Percent: 100.00%, Whitelist: 0, IPv4: 1, IPv6: 0, Min Delay: 7281 ms, Max Speed: 0.25 M/s, Avg Speed: 0.25 M/s, Max Resolution: 1920x1080
Category: ☘️重庆频道, Name: 江津新闻综合, Total: 2, Valid: 2, Valid Percent: 100.00%, Whitelist: 0, IPv4: 2, IPv6: 0, Min Delay: 10692 ms, Max Speed: 0.15 M/s, Avg Speed: 0.15 M/s, Max Resolution: 1920x1080
Category: ☘️重庆频道, Name: 垫江综合, Total: 1, Valid: 0, Valid Percent: 0.00%, Whitelist: 0, IPv4: 1, IPv6: 0, Min Delay: -1 ms, Max Speed: 0.00 M/s, Avg Speed: 0.00 M/s, Max Resolution: 1920x1080
Category: ☘️重庆频道, Name: 万州综合, Total: 2, Valid: 2, Valid Percent: 100.00%, Whitelist: 0, IPv4: 2, IPv6: 0, Min Delay: 1428 ms, Max Speed: 0.06 M/s, Avg Speed: 0.06 M/s, Max Resolution: 720x576
Category: ☘️重庆频道, Name: 万州三峡移民, Total: 2, Valid: 2, Valid Percent: 100.00%, Whitelist: 0, IPv4: 2, IPv6: 0, Min Delay: 1213 ms, Max Speed: 0.07 M/s, Avg Speed: 0.07 M/s, Max Resolution: 720x576
Category: ☘️重庆频道, Name: 重庆时尚购物, Total: 1, Valid: 0, Valid Percent: 0.00%, Whitelist: 0, IPv4: 1, IPv6: 0, Min Delay: 452 ms, Max Speed: 0.00 M/s, Avg Speed: 0.00 M/s, Max Resolution: None
Category: ☘️江苏频道, Name: 东海新闻, Total: 1, Valid: 0, Valid Percent: 0.00%, Whitelist: 0, IPv4: 0, IPv6: 1, Min Delay: -1 ms, Max Speed: 0.00 M/s, Avg Speed: 0.00 M/s, Max Resolution: None
Category: ☘️江苏频道, Name: 优漫卡通, Total: 17, Valid: 12, Valid Percent: 70.59%, Whitelist: 0, IPv4: 0, IPv6: 17, Min Delay: 0.1 ms, Max Speed: 0.00 M/s, Avg Speed: 0.00 M/s, Max Resolution: 1920x1080
Category: ☘️江苏频道, Name: 南京信息, Total: 1, Valid: 1, Valid Percent: 100.00%, Whitelist: 0, IPv4: 0, IPv6: 1, Min Delay: 0.1 ms, Max Speed: 0.00 M/s, Avg Speed: 0.00 M/s, Max Resolution: 1920x1080
Category: ☘️江苏频道, Name: 南京十八, Total: 17, Valid: 5, Valid Percent: 29.41%, Whitelist: 0, IPv4: 1, IPv6: 16, Min Delay: 0.1 ms, Max Speed: 19.41 M/s, Avg Speed: 3.88 M/s, Max Resolution: 1920x1080
Category: ☘️江苏频道, Name: 南京娱乐, Total: 1, Valid: 1, Valid Percent: 100.00%, Whitelist: 0, IPv4: 0, IPv6: 1, Min Delay: 0.1 ms, Max Speed: 0.00 M/s, Avg Speed: 0.00 M/s, Max Resolution: 1920x1080
Category: ☘️江苏频道, Name: 南京少儿, Total: 3, Valid: 2, Valid Percent: 66.67%, Whitelist: 0, IPv4: 0, IPv6: 3, Min Delay: 0.1 ms, Max Speed: 0.00 M/s, Avg Speed: 0.00 M/s, Max Resolution: 1920x1080
Category: ☘️江苏频道, Name: 南京教科, Total: 18, Valid: 5, Valid Percent: 27.78%, Whitelist: 0, IPv4: 1, IPv6: 17, Min Delay: 0.1 ms, Max Speed: 19.22 M/s, Avg Speed: 3.84 M/s, Max Resolution: 1920x1080
Category: ☘️江苏频道, Name: 南京新闻综合, Total: 18, Valid: 5, Valid Percent: 27.78%, Whitelist: 0, IPv4: 1, IPv6: 17, Min Delay: 0.1 ms, Max Speed: 15.07 M/s, Avg Speed: 3.01 M/s, Max Resolution: 1920x1080
Category: ☘️江苏频道, Name: 南京生活, Total: 1, Valid: 1, Valid Percent: 100.00%, Whitelist: 0, IPv4: 0, IPv6: 1, Min Delay: 0.1 ms, Max Speed: 0.00 M/s, Avg Speed: 0.00 M/s, Max Resolution: 1920x1080
Category: ☘️江苏频道, Name: 南通新闻综合, Total: 16, Valid: 1, Valid Percent: 6.25%, Whitelist: 0, IPv4: 1, IPv6: 15, Min Delay: 65 ms, Max Speed: 16.31 M/s, Avg Speed: 16.31 M/s, Max Resolution: 1920x1080
Category: ☘️江苏频道, Name: 句容党建, Total: 3, Valid: 3, Valid Percent: 100.00%, Whitelist: 0, IPv4: 3, IPv6: 0, Min Delay: 1774 ms, Max Speed: 0.66 M/s, Avg Speed: 0.58 M/s, Max Resolution: 1280x720
Category: ☘️江苏频道, Name: 句容影院, Total: 1, Valid: 1, Valid Percent: 100.00%, Whitelist: 0, IPv4: 1, IPv6: 0, Min Delay: 6758 ms, Max Speed: 0.10 M/s, Avg Speed: 0.10 M/s, Max Resolution: 720x576
Category: ☘️江苏频道, Name: 句容新闻综合, Total: 2, Valid: 2, Valid Percent: 100.00%, Whitelist: 0, IPv4: 2, IPv6: 0, Min Delay: 1796 ms, Max Speed: 0.49 M/s, Avg Speed: 0.44 M/s, Max Resolution: 720x576
Category: ☘️江苏频道, Name: 句容生活, Total: 2, Valid: 2, Valid Percent: 100.00%, Whitelist: 0, IPv4: 2, IPv6: 0, Min Delay: 1937 ms, Max Speed: 0.88 M/s, Avg Speed: 0.86 M/s, Max Resolution: 720x576
Category: ☘️江苏频道, Name: 宜兴新闻, Total: 3, Valid: 0, Valid Percent: 0.00%, Whitelist: 0, IPv4: 0, IPv6: 3, Min Delay: -1 ms, Max Speed: 0.00 M/s, Avg Speed: 0.00 M/s, Max Resolution: None
Category: ☘️江苏频道, Name: 宜兴紫砂, Total: 1, Valid: 0, Valid Percent: 0.00%, Whitelist: 0, IPv4: 1, IPv6: 0, Min Delay: -1 ms, Max Speed: 0.00 M/s, Avg Speed: 0.00 M/s, Max Resolution: 1280x720
Category: ☘️江苏频道, Name: 宿迁公共, Total: 1, Valid: 0, Valid Percent: 0.00%, Whitelist: 0, IPv4: 0, IPv6: 1, Min Delay: -1 ms, Max Speed: 0.00 M/s, Avg Speed: 0.00 M/s, Max Resolution: None
Category: ☘️江苏频道, Name: 常州公共, Total: 1, Valid: 0, Valid Percent: 0.00%, Whitelist: 0, IPv4: 0, IPv6: 1, Min Delay: -1 ms, Max Speed: 0.00 M/s, Avg Speed: 0.00 M/s, Max Resolution: None
Category: ☘️江苏频道, Name: 常州生活, Total: 1, Valid: 0, Valid Percent: 0.00%, Whitelist: 0, IPv4: 0, IPv6: 1, Min Delay: -1 ms, Max Speed: 0.00 M/s, Avg Speed: 0.00 M/s, Max Resolution: None
Category: ☘️江苏频道, Name: 常州都市, Total: 1, Valid: 0, Valid Percent: 0.00%, Whitelist: 0, IPv4: 0, IPv6: 1, Min Delay: -1 ms, Max Speed: 0.00 M/s, Avg Speed: 0.00 M/s, Max Resolution: None
Category: ☘️江苏频道, Name: 常熟民生, Total: 1, Valid: 0, Valid Percent: 0.00%, Whitelist: 0, IPv4: 1, IPv6: 0, Min Delay: -1 ms, Max Speed: 0.00 M/s, Avg Speed: 0.00 M/s, Max Resolution: 1280x720
Category: ☘️江苏频道, Name: 徐州公共, Total: 1, Valid: 0, Valid Percent: 0.00%, Whitelist: 0, IPv4: 0, IPv6: 1, Min Delay: -1 ms, Max Speed: 0.00 M/s, Avg Speed: 0.00 M/s, Max Resolution: None
Category: ☘️江苏频道, Name: 徐州新聞綜合, Total: 1, Valid: 1, Valid Percent: 100.00%, Whitelist: 0, IPv4: 0, IPv6: 1, Min Delay: 0.1 ms, Max Speed: 0.00 M/s, Avg Speed: 0.00 M/s, Max Resolution: 1920x1080
Category: ☘️江苏频道, Name: 新沂新闻, Total: 1, Valid: 1, Valid Percent: 100.00%, Whitelist: 0, IPv4: 0, IPv6: 1, Min Delay: 0.1 ms, Max Speed: 0.00 M/s, Avg Speed: 0.00 M/s, Max Resolution: 1920x1080
Category: ☘️江苏频道, Name: 新沂生活, Total: 1, Valid: 1, Valid Percent: 100.00%, Whitelist: 0, IPv4: 0, IPv6: 1, Min Delay: 0.1 ms, Max Speed: 0.00 M/s, Avg Speed: 0.00 M/s, Max Resolution: 1920x1080
Category: ☘️江苏频道, Name: 无锡娱乐, Total: 6, Valid: 4, Valid Percent: 66.67%, Whitelist: 0, IPv4: 0, IPv6: 6, Min Delay: 0.1 ms, Max Speed: 0.00 M/s, Avg Speed: 0.00 M/s, Max Resolution: 1920x1080
Category: ☘️江苏频道, Name: 无锡新闻综合, Total: 6, Valid: 3, Valid Percent: 50.00%, Whitelist: 0, IPv4: 0, IPv6: 6, Min Delay: 0.1 ms, Max Speed: 0.00 M/s, Avg Speed: 0.00 M/s, Max Resolution: 1920x1080
Category: ☘️江苏频道, Name: 无锡生活, Total: 5, Valid: 4, Valid Percent: 80.00%, Whitelist: 0, IPv4: 0, IPv6: 5, Min Delay: 0.1 ms, Max Speed: 0.00 M/s, Avg Speed: 0.00 M/s, Max Resolution: 1920x1080
Category: ☘️江苏频道, Name: 无锡经济, Total: 10, Valid: 2, Valid Percent: 20.00%, Whitelist: 0, IPv4: 0, IPv6: 10, Min Delay: 0.1 ms, Max Speed: 0.00 M/s, Avg Speed: 0.00 M/s, Max Resolution: 1920x1080
Category: ☘️江苏频道, Name: 无锡都市资讯, Total: 5, Valid: 2, Valid Percent: 40.00%, Whitelist: 0, IPv4: 0, IPv6: 5, Min Delay: 0.1 ms, Max Speed: 0.00 M/s, Avg Speed: 0.00 M/s, Max Resolution: 1920x1080
Category: ☘️江苏频道, Name: 武进新闻, Total: 3, Valid: 3, Valid Percent: 100.00%, Whitelist: 0, IPv4: 3, IPv6: 0, Min Delay: 6545 ms, Max Speed: 0.11 M/s, Avg Speed: 0.11 M/s, Max Resolution: 720x576
Category: ☘️江苏频道, Name: 武进生活, Total: 3, Valid: 3, Valid Percent: 100.00%, Whitelist: 0, IPv4: 3, IPv6: 0, Min Delay: 4550 ms, Max Speed: 0.08 M/s, Avg Speed: 0.08 M/s, Max Resolution: 720x576
Category: ☘️江苏频道, Name: 江宁新闻, Total: 1, Valid: 0, Valid Percent: 0.00%, Whitelist: 0, IPv4: 0, IPv6: 1, Min Delay: -1 ms, Max Speed: 0.00 M/s, Avg Speed: 0.00 M/s, Max Resolution: None
Category: ☘️江苏频道, Name: 江苏体育, Total: 17, Valid: 0, Valid Percent: 0.00%, Whitelist: 0, IPv4: 0, IPv6: 17, Min Delay: -1 ms, Max Speed: 0.00 M/s, Avg Speed: 0.00 M/s, Max Resolution: None
Category: ☘️江苏频道, Name: 江苏公共, Total: 1, Valid: 0, Valid Percent: 0.00%, Whitelist: 0, IPv4: 0, IPv6: 1, Min Delay: -1 ms, Max Speed: 0.00 M/s, Avg Speed: 0.00 M/s, Max Resolution: None
Category: ☘️江苏频道, Name: 江苏城市, Total: 20, Valid: 4, Valid Percent: 20.00%, Whitelist: 0, IPv4: 2, IPv6: 18, Min Delay: 0.1 ms, Max Speed: 16.75 M/s, Avg Speed: 7.98 M/s, Max Resolution: 1920x1080
Category: ☘️江苏频道, Name: 江苏影视, Total: 23, Valid: 2, Valid Percent: 8.70%, Whitelist: 0, IPv4: 0, IPv6: 23, Min Delay: 0.1 ms, Max Speed: 0.00 M/s, Avg Speed: 0.00 M/s, Max Resolution: 1920x1080
Category: ☘️江苏频道, Name: 江苏教育, Total: 25, Valid: 5, Valid Percent: 20.00%, Whitelist: 0, IPv4: 2, IPv6: 23, Min Delay: 0.1 ms, Max Speed: 18.00 M/s, Avg Speed: 7.03 M/s, Max Resolution: 1920x1080
Category: ☘️江苏频道, Name: 泗洪新闻综合, Total: 1, Valid: 0, Valid Percent: 0.00%, Whitelist: 0, IPv4: 0, IPv6: 1, Min Delay: -1 ms, Max Speed: 0.00 M/s, Avg Speed: 0.00 M/s, Max Resolution: None
Category: ☘️江苏频道, Name: 泗阳综合, Total: 1, Valid: 1, Valid Percent: 100.00%, Whitelist: 0, IPv4: 1, IPv6: 0, Min Delay: 2302 ms, Max Speed: 0.44 M/s, Avg Speed: 0.44 M/s, Max Resolution: 1920x1080
Category: ☘️江苏频道, Name: 泰州一套新闻综合, Total: 1, Valid: 0, Valid Percent: 0.00%, Whitelist: 0, IPv4: 0, IPv6: 1, Min Delay: -1 ms, Max Speed: 0.00 M/s, Avg Speed: 0.00 M/s, Max Resolution: None
Category: ☘️江苏频道, Name: 涟水电视台综合, Total: 7, Valid: 0, Valid Percent: 0.00%, Whitelist: 0, IPv4: 0, IPv6: 7, Min Delay: -1 ms, Max Speed: 0.00 M/s, Avg Speed: 0.00 M/s, Max Resolution: None
Category: ☘️江苏频道, Name: 涟水综合, Total: 1, Valid: 0, Valid Percent: 0.00%, Whitelist: 0, IPv4: 1, IPv6: 0, Min Delay: 4753 ms, Max Speed: 0.00 M/s, Avg Speed: 0.00 M/s, Max Resolution: None
Category: ☘️江苏频道, Name: 淮安公共, Total: 1, Valid: 1, Valid Percent: 100.00%, Whitelist: 0, IPv4: 0, IPv6: 1, Min Delay: 0.1 ms, Max Speed: 0.00 M/s, Avg Speed: 0.00 M/s, Max Resolution: 1920x1080
Category: ☘️江苏频道, Name: 淮安影院娱乐, Total: 2, Valid: 1, Valid Percent: 50.00%, Whitelist: 0, IPv4: 0, IPv6: 2, Min Delay: 0.1 ms, Max Speed: 0.00 M/s, Avg Speed: 0.00 M/s, Max Resolution: 1920x1080
Category: ☘️江苏频道, Name: 淮安新闻综合, Total: 17, Valid: 3, Valid Percent: 17.65%, Whitelist: 0, IPv4: 1, IPv6: 16, Min Delay: 0.1 ms, Max Speed: 18.66 M/s, Avg Speed: 6.22 M/s, Max Resolution: 1920x1080
Category: ☘️江苏频道, Name: 淮阴综合, Total: 1, Valid: 1, Valid Percent: 100.00%, Whitelist: 0, IPv4: 0, IPv6: 1, Min Delay: 0.1 ms, Max Speed: 0.00 M/s, Avg Speed: 0.00 M/s, Max Resolution: 1920x1080
Category: ☘️江苏频道, Name: 溧水新闻综合, Total: 16, Valid: 1, Valid Percent: 6.25%, Whitelist: 0, IPv4: 1, IPv6: 15, Min Delay: 63 ms, Max Speed: 16.03 M/s, Avg Speed: 16.03 M/s, Max Resolution: 1920x1080
Category: ☘️江苏频道, Name: 滨海新闻综合, Total: 1, Valid: 1, Valid Percent: 100.00%, Whitelist: 0, IPv4: 1, IPv6: 0, Min Delay: 1356 ms, Max Speed: 1.37 M/s, Avg Speed: 1.37 M/s, Max Resolution: 1920x1080
Category: ☘️江苏频道, Name: 睢宁三农, Total: 1, Valid: 0, Valid Percent: 0.00%, Whitelist: 0, IPv4: 0, IPv6: 1, Min Delay: -1 ms, Max Speed: 0.00 M/s, Avg Speed: 0.00 M/s, Max Resolution: None
Category: ☘️江苏频道, Name: 睢宁综合, Total: 1, Valid: 0, Valid Percent: 0.00%, Whitelist: 0, IPv4: 0, IPv6: 1, Min Delay: -1 ms, Max Speed: 0.00 M/s, Avg Speed: 0.00 M/s, Max Resolution: None
Category: ☘️江苏频道, Name: 睢宁资讯, Total: 1, Valid: 0, Valid Percent: 0.00%, Whitelist: 0, IPv4: 0, IPv6: 1, Min Delay: -1 ms, Max Speed: 0.00 M/s, Avg Speed: 0.00 M/s, Max Resolution: None
Category: ☘️江苏频道, Name: 苏州4k, Total: 1, Valid: 1, Valid Percent: 100.00%, Whitelist: 0, IPv4: 1, IPv6: 0, Min Delay: 1100 ms, Max Speed: 0.59 M/s, Avg Speed: 0.59 M/s, Max Resolution: 1280x720
Category: ☘️江苏频道, Name: 苏州文化生活, Total: 2, Valid: 1, Valid Percent: 50.00%, Whitelist: 0, IPv4: 0, IPv6: 2, Min Delay: 0.1 ms, Max Speed: 0.00 M/s, Avg Speed: 0.00 M/s, Max Resolution: 1920x1080
Category: ☘️江苏频道, Name: 苏州新闻综合, Total: 3, Valid: 2, Valid Percent: 66.67%, Whitelist: 0, IPv4: 0, IPv6: 3, Min Delay: 0.1 ms, Max Speed: 0.00 M/s, Avg Speed: 0.00 M/s, Max Resolution: 1920x1080
Category: ☘️江苏频道, Name: 苏州生活资讯, Total: 2, Valid: 1, Valid Percent: 50.00%, Whitelist: 0, IPv4: 0, IPv6: 2, Min Delay: 0.1 ms, Max Speed: 0.00 M/s, Avg Speed: 0.00 M/s, Max Resolution: 1920x1080
Category: ☘️江苏频道, Name: 苏州社会经济, Total: 3, Valid: 2, Valid Percent: 66.67%, Whitelist: 0, IPv4: 1, IPv6: 2, Min Delay: 0.1 ms, Max Speed: 1.91 M/s, Avg Speed: 0.96 M/s, Max Resolution: 1920x1080
Category: ☘️江苏频道, Name: 赣榆新闻综合, Total: 1, Valid: 0, Valid Percent: 0.00%, Whitelist: 0, IPv4: 1, IPv6: 0, Min Delay: 406 ms, Max Speed: 0.00 M/s, Avg Speed: 0.00 M/s, Max Resolution: None
Category: ☘️江苏频道, Name: 连云港公共, Total: 1, Valid: 0, Valid Percent: 0.00%, Whitelist: 0, IPv4: 0, IPv6: 1, Min Delay: -1 ms, Max Speed: 0.00 M/s, Avg Speed: 0.00 M/s, Max Resolution: None
Category: ☘️江苏频道, Name: 连云港新闻综合, Total: 25, Valid: 3, Valid Percent: 12.00%, Whitelist: 0, IPv4: 2, IPv6: 23, Min Delay: 0.1 ms, Max Speed: 36.47 M/s, Avg Speed: 23.81 M/s, Max Resolution: 1920x1080
Category: ☘️江苏频道, Name: 镇江二套社会民生, Total: 1, Valid: 1, Valid Percent: 100.00%, Whitelist: 0, IPv4: 1, IPv6: 0, Min Delay: 2020 ms, Max Speed: 1.01 M/s, Avg Speed: 1.01 M/s, Max Resolution: 1920x1080
Category: ☘️江苏频道, Name: 镇江新闻综合, Total: 15, Valid: 6, Valid Percent: 40.00%, Whitelist: 0, IPv4: 6, IPv6: 9, Min Delay: 42 ms, Max Speed: 28.81 M/s, Avg Speed: 10.11 M/s, Max Resolution: 1920x1080
Category: ☘️江苏频道, Name: 靖江新闻综合, Total: 3, Valid: 3, Valid Percent: 100.00%, Whitelist: 0, IPv4: 0, IPv6: 3, Min Delay: 0.1 ms, Max Speed: 0.00 M/s, Avg Speed: 0.00 M/s, Max Resolution: 1920x1080
Category: ☘️辽宁频道, Name: 朝阳新闻综合, Total: 1, Valid: 0, Valid Percent: 0.00%, Whitelist: 0, IPv4: 1, IPv6: 0, Min Delay: 10584 ms, Max Speed: 0.00 M/s, Avg Speed: 0.00 M/s, Max Resolution: 1920x1080
Category: ☘️辽宁频道, Name: 辽宁北方, Total: 1, Valid: 1, Valid Percent: 100.00%, Whitelist: 0, IPv4: 0, IPv6: 1, Min Delay: 0.1 ms, Max Speed: 0.00 M/s, Avg Speed: 0.00 M/s, Max Resolution: 1920x1080
Category: ☘️辽宁频道, Name: 辽宁影视剧, Total: 3, Valid: 3, Valid Percent: 100.00%, Whitelist: 0, IPv4: 0, IPv6: 3, Min Delay: 0.1 ms, Max Speed: 0.00 M/s, Avg Speed: 0.00 M/s, Max Resolution: 1920x1080
Category: ☘️辽宁频道, Name: 辽宁教育青少, Total: 1, Valid: 1, Valid Percent: 100.00%, Whitelist: 0, IPv4: 0, IPv6: 1, Min Delay: 0.1 ms, Max Speed: 0.00 M/s, Avg Speed: 0.00 M/s, Max Resolution: 1920x1080
Category: ☘️辽宁频道, Name: 辽宁生活, Total: 1, Valid: 1, Valid Percent: 100.00%, Whitelist: 0, IPv4: 0, IPv6: 1, Min Delay: 0.1 ms, Max Speed: 0.00 M/s, Avg Speed: 0.00 M/s, Max Resolution: 1920x1080
Category: ☘️辽宁频道, Name: 辽宁经济, Total: 2, Valid: 2, Valid Percent: 100.00%, Whitelist: 0, IPv4: 0, IPv6: 2, Min Delay: 0.1 ms, Max Speed: 0.00 M/s, Avg Speed: 0.00 M/s, Max Resolution: 1920x1080
Category: ☘️辽宁频道, Name: 辽宁都市, Total: 3, Valid: 3, Valid Percent: 100.00%, Whitelist: 0, IPv4: 0, IPv6: 3, Min Delay: 0.1 ms, Max Speed: 0.00 M/s, Avg Speed: 0.00 M/s, Max Resolution: 1920x1080
Category: ☘️湖南频道, Name: 湖南都市, Total: 11, Valid: 7, Valid Percent: 63.64%, Whitelist: 0, IPv4: 0, IPv6: 11, Min Delay: 0.1 ms, Max Speed: 0.00 M/s, Avg Speed: 0.00 M/s, Max Resolution: 1920x1080
Category: ☘️湖南频道, Name: 湖南经视, Total: 16, Valid: 15, Valid Percent: 93.75%, Whitelist: 0, IPv4: 0, IPv6: 16, Min Delay: 0.1 ms, Max Speed: 0.00 M/s, Avg Speed: 0.00 M/s, Max Resolution: 1920x1080
Category: ☘️湖南频道, Name: 湖南电视剧, Total: 17, Valid: 15, Valid Percent: 88.24%, Whitelist: 0, IPv4: 0, IPv6: 17, Min Delay: 0.1 ms, Max Speed: 0.00 M/s, Avg Speed: 0.00 M/s, Max Resolution: 1920x1080
Category: ☘️湖南频道, Name: 湖南电影, Total: 3, Valid: 2, Valid Percent: 66.67%, Whitelist: 0, IPv4: 0, IPv6: 3, Min Delay: 0.1 ms, Max Speed: 0.00 M/s, Avg Speed: 0.00 M/s, Max Resolution: 1920x1080
Category: ☘️湖南频道, Name: 湖南爱晚, Total: 3, Valid: 1, Valid Percent: 33.33%, Whitelist: 0, IPv4: 0, IPv6: 3, Min Delay: 0.1 ms, Max Speed: 0.00 M/s, Avg Speed: 0.00 M/s, Max Resolution: 1920x1080
Category: ☘️湖南频道, Name: 湖南教育, Total: 2, Valid: 2, Valid Percent: 100.00%, Whitelist: 0, IPv4: 0, IPv6: 2, Min Delay: 0.1 ms, Max Speed: 0.00 M/s, Avg Speed: 0.00 M/s, Max Resolution: 1920x1080
Category: ☘️湖南频道, Name: 湖南娱乐, Total: 11, Valid: 9, Valid Percent: 81.82%, Whitelist: 0, IPv4: 0, IPv6: 11, Min Delay: 0.1 ms, Max Speed: 0.00 M/s, Avg Speed: 0.00 M/s, Max Resolution: 1920x1080
Category: ☘️湖南频道, Name: 湖南国际, Total: 4, Valid: 3, Valid Percent: 75.00%, Whitelist: 0, IPv4: 0, IPv6: 4, Min Delay: 0.1 ms, Max Speed: 0.00 M/s, Avg Speed: 0.00 M/s, Max Resolution: 1920x1080
Category: ☘️湖南频道, Name: 湖南公共, Total: 10, Valid: 10, Valid Percent: 100.00%, Whitelist: 0, IPv4: 0, IPv6: 10, Min Delay: 0.1 ms, Max Speed: 0.00 M/s, Avg Speed: 0.00 M/s, Max Resolution: 1920x1080
Category: ☘️湖南频道, Name: 金鹰纪实, Total: 17, Valid: 8, Valid Percent: 47.06%, Whitelist: 0, IPv4: 0, IPv6: 17, Min Delay: 0.1 ms, Max Speed: 0.00 M/s, Avg Speed: 0.00 M/s, Max Resolution: 1920x1080
Category: ☘️湖南频道, Name: 湖南金鹰纪实, Total: 2, Valid: 2, Valid Percent: 100.00%, Whitelist: 0, IPv4: 0, IPv6: 2, Min Delay: 0.1 ms, Max Speed: 0.00 M/s, Avg Speed: 0.00 M/s, Max Resolution: 1920x1080
Category: ☘️湖南频道, Name: 长沙新闻综合, Total: 1, Valid: 1, Valid Percent: 100.00%, Whitelist: 0, IPv4: 0, IPv6: 1, Min Delay: 0.1 ms, Max Speed: 0.00 M/s, Avg Speed: 0.00 M/s, Max Resolution: 1920x1080
Category: ☘️湖南频道, Name: 长沙新闻, Total: 1, Valid: 0, Valid Percent: 0.00%, Whitelist: 0, IPv4: 0, IPv6: 1, Min Delay: -1 ms, Max Speed: 0.00 M/s, Avg Speed: 0.00 M/s, Max Resolution: None
Category: ☘️湖南频道, Name: 衡阳新闻综合, Total: 1, Valid: 1, Valid Percent: 100.00%, Whitelist: 0, IPv4: 1, IPv6: 0, Min Delay: 10879 ms, Max Speed: 0.01 M/s, Avg Speed: 0.01 M/s, Max Resolution: 800x480
Category: ☘️湖南频道, Name: 娄底综合, Total: 1, Valid: 0, Valid Percent: 0.00%, Whitelist: 0, IPv4: 0, IPv6: 1, Min Delay: -1 ms, Max Speed: 0.00 M/s, Avg Speed: 0.00 M/s, Max Resolution: None
Category: ☘️湖北频道, Name: 湖北综合, Total: 3, Valid: 3, Valid Percent: 100.00%, Whitelist: 0, IPv4: 0, IPv6: 3, Min Delay: 0.1 ms, Max Speed: 0.00 M/s, Avg Speed: 0.00 M/s, Max Resolution: 1920x1080
Category: ☘️湖北频道, Name: 湖北经视, Total: 4, Valid: 2, Valid Percent: 50.00%, Whitelist: 0, IPv4: 0, IPv6: 4, Min Delay: 0.1 ms, Max Speed: 0.00 M/s, Avg Speed: 0.00 M/s, Max Resolution: 1920x1080
Category: ☘️湖北频道, Name: 湖北生活, Total: 5, Valid: 4, Valid Percent: 80.00%, Whitelist: 0, IPv4: 0, IPv6: 5, Min Delay: 0.1 ms, Max Speed: 0.00 M/s, Avg Speed: 0.00 M/s, Max Resolution: 1920x1080
Category: ☘️湖北频道, Name: 湖北教育, Total: 4, Valid: 3, Valid Percent: 75.00%, Whitelist: 0, IPv4: 0, IPv6: 4, Min Delay: 0.1 ms, Max Speed: 0.00 M/s, Avg Speed: 0.00 M/s, Max Resolution: 1920x1080
Category: ☘️湖北频道, Name: 湖北影视, Total: 4, Valid: 2, Valid Percent: 50.00%, Whitelist: 0, IPv4: 0, IPv6: 4, Min Delay: 0.1 ms, Max Speed: 0.00 M/s, Avg Speed: 0.00 M/s, Max Resolution: 1920x1080
Category: ☘️湖北频道, Name: 湖北公共, Total: 4, Valid: 4, Valid Percent: 100.00%, Whitelist: 0, IPv4: 0, IPv6: 4, Min Delay: 0.1 ms, Max Speed: 0.00 M/s, Avg Speed: 0.00 M/s, Max Resolution: 1920x1080
Category: ☘️湖北频道, Name: 湖北垄上, Total: 4, Valid: 4, Valid Percent: 100.00%, Whitelist: 0, IPv4: 0, IPv6: 4, Min Delay: 0.1 ms, Max Speed: 0.00 M/s, Avg Speed: 0.00 M/s, Max Resolution: 1920x1080
Category: ☘️湖北频道, Name: 武汉一台新闻综合, Total: 5, Valid: 5, Valid Percent: 100.00%, Whitelist: 0, IPv4: 0, IPv6: 5, Min Delay: 0.1 ms, Max Speed: 0.00 M/s, Avg Speed: 0.00 M/s, Max Resolution: 1920x1080
Category: ☘️湖北频道, Name: 武汉二台电视剧, Total: 2, Valid: 2, Valid Percent: 100.00%, Whitelist: 0, IPv4: 0, IPv6: 2, Min Delay: 0.1 ms, Max Speed: 0.00 M/s, Avg Speed: 0.00 M/s, Max Resolution: 1920x1080
Category: ☘️湖北频道, Name: 武汉四台经济, Total: 1, Valid: 1, Valid Percent: 100.00%, Whitelist: 0, IPv4: 0, IPv6: 1, Min Delay: 0.1 ms, Max Speed: 0.00 M/s, Avg Speed: 0.00 M/s, Max Resolution: 1920x1080
Category: ☘️湖北频道, Name: 武汉教育, Total: 8, Valid: 8, Valid Percent: 100.00%, Whitelist: 0, IPv4: 0, IPv6: 8, Min Delay: 0.1 ms, Max Speed: 0.00 M/s, Avg Speed: 0.00 M/s, Max Resolution: 1920x1080
Category: ☘️湖北频道, Name: 武汉文体, Total: 1, Valid: 1, Valid Percent: 100.00%, Whitelist: 0, IPv4: 1, IPv6: 0, Min Delay: 524 ms, Max Speed: 0.83 M/s, Avg Speed: 0.83 M/s, Max Resolution: 1920x1080
Category: ☘️湖北频道, Name: 江夏新闻综合, Total: 1, Valid: 1, Valid Percent: 100.00%, Whitelist: 0, IPv4: 0, IPv6: 1, Min Delay: 0.1 ms, Max Speed: 0.00 M/s, Avg Speed: 0.00 M/s, Max Resolution: 1920x1080
Category: ☘️湖北频道, Name: 十堰新闻, Total: 4, Valid: 4, Valid Percent: 100.00%, Whitelist: 0, IPv4: 0, IPv6: 4, Min Delay: 0.1 ms, Max Speed: 0.00 M/s, Avg Speed: 0.00 M/s, Max Resolution: 1920x1080
Category: ☘️湖北频道, Name: 荆门新闻综合, Total: 10, Valid: 8, Valid Percent: 80.00%, Whitelist: 0, IPv4: 0, IPv6: 10, Min Delay: 0.1 ms, Max Speed: 0.00 M/s, Avg Speed: 0.00 M/s, Max Resolution: 1920x1080
Category: ☘️广西频道, Name: 北海经济科教, Total: 1, Valid: 1, Valid Percent: 100.00%, Whitelist: 0, IPv4: 0, IPv6: 1, Min Delay: 0.1 ms, Max Speed: 0.00 M/s, Avg Speed: 0.00 M/s, Max Resolution: 1920x1080
Category: ☘️广西频道, Name: 南宁公共, Total: 6, Valid: 6, Valid Percent: 100.00%, Whitelist: 0, IPv4: 0, IPv6: 6, Min Delay: 0.1 ms, Max Speed: 0.00 M/s, Avg Speed: 0.00 M/s, Max Resolution: 1920x1080
Category: ☘️广西频道, Name: 南宁新闻综合, Total: 5, Valid: 4, Valid Percent: 80.00%, Whitelist: 0, IPv4: 1, IPv6: 4, Min Delay: 0.1 ms, Max Speed: 0.00 M/s, Avg Speed: 0.00 M/s, Max Resolution: 1920x1080
Category: ☘️广西频道, Name: 南宁都市生活, Total: 5, Valid: 4, Valid Percent: 80.00%, Whitelist: 0, IPv4: 0, IPv6: 5, Min Delay: 0.1 ms, Max Speed: 0.00 M/s, Avg Speed: 0.00 M/s, Max Resolution: 1920x1080
Category: ☘️广西频道, Name: 宾阳综合, Total: 1, Valid: 1, Valid Percent: 100.00%, Whitelist: 0, IPv4: 0, IPv6: 1, Min Delay: 0.1 ms, Max Speed: 0.00 M/s, Avg Speed: 0.00 M/s, Max Resolution: 1920x1080
Category: ☘️广西频道, Name: 来宾综合, Total: 1, Valid: 1, Valid Percent: 100.00%, Whitelist: 0, IPv4: 1, IPv6: 0, Min Delay: 10129 ms, Max Speed: 0.30 M/s, Avg Speed: 0.30 M/s, Max Resolution: 1920x1080
Category: ☘️广西频道, Name: 灌阳新闻综合, Total: 2, Valid: 2, Valid Percent: 100.00%, Whitelist: 0, IPv4: 0, IPv6: 2, Min Delay: 0.1 ms, Max Speed: 0.00 M/s, Avg Speed: 0.00 M/s, Max Resolution: 1920x1080
Category: ☘️广西频道, Name: 田东综合, Total: 1, Valid: 0, Valid Percent: 0.00%, Whitelist: 0, IPv4: 0, IPv6: 1, Min Delay: -1 ms, Max Speed: 0.00 M/s, Avg Speed: 0.00 M/s, Max Resolution: None
Category: ☘️广西频道, Name: 广西新闻, Total: 4, Valid: 2, Valid Percent: 50.00%, Whitelist: 0, IPv4: 1, IPv6: 3, Min Delay: 0.1 ms, Max Speed: 10.78 M/s, Avg Speed: 5.39 M/s, Max Resolution: 1920x1080
Category: ☘️广西频道, Name: 广西国际, Total: 4, Valid: 3, Valid Percent: 75.00%, Whitelist: 0, IPv4: 1, IPv6: 3, Min Delay: 0.1 ms, Max Speed: 14.35 M/s, Avg Speed: 4.78 M/s, Max Resolution: 1920x1080
Category: ☘️广西频道, Name: 南宁影视娱乐, Total: 6, Valid: 1, Valid Percent: 16.67%, Whitelist: 0, IPv4: 0, IPv6: 6, Min Delay: 0.1 ms, Max Speed: 0.00 M/s, Avg Speed: 0.00 M/s, Max Resolution: 1920x1080
Category: ☘️天津频道, Name: 津南一套, Total: 1, Valid: 1, Valid Percent: 100.00%, Whitelist: 0, IPv4: 1, IPv6: 0, Min Delay: 12 ms, Max Speed: 21.46 M/s, Avg Speed: 21.46 M/s, Max Resolution: 720x576
Category: ☘️天津频道, Name: 武清综合, Total: 1, Valid: 1, Valid Percent: 100.00%, Whitelist: 0, IPv4: 1, IPv6: 0, Min Delay: 3517 ms, Max Speed: 0.55 M/s, Avg Speed: 0.55 M/s, Max Resolution: 720x576
Category: ☘️天津频道, Name: 天津卫视, Total: 50, Valid: 40, Valid Percent: 80.00%, Whitelist: 0, IPv4: 0, IPv6: 50, Min Delay: 0.1 ms, Max Speed: 0.00 M/s, Avg Speed: 0.00 M/s, Max Resolution: 1920x1080
Category: ☘️四川频道, Name: 乐山新闻综合, Total: 2, Valid: 2, Valid Percent: 100.00%, Whitelist: 0, IPv4: 0, IPv6: 2, Min Delay: 0.1 ms, Max Speed: 0.00 M/s, Avg Speed: 0.00 M/s, Max Resolution: 1920x1080
Category: ☘️四川频道, Name: 乐至综合, Total: 2, Valid: 2, Valid Percent: 100.00%, Whitelist: 0, IPv4: 2, IPv6: 0, Min Delay: 2255 ms, Max Speed: 0.98 M/s, Avg Speed: 0.98 M/s, Max Resolution: 1920x1080
Category: ☘️四川频道, Name: 井研综合, Total: 1, Valid: 1, Valid Percent: 100.00%, Whitelist: 0, IPv4: 1, IPv6: 0, Min Delay: 2775 ms, Max Speed: 0.67 M/s, Avg Speed: 0.67 M/s, Max Resolution: 1920x1080
Category: ☘️四川频道, Name: 什邡新闻, Total: 2, Valid: 2, Valid Percent: 100.00%, Whitelist: 0, IPv4: 2, IPv6: 0, Min Delay: 453 ms, Max Speed: 0.00 M/s, Avg Speed: 0.00 M/s, Max Resolution: 1920x1080
Category: ☘️四川频道, Name: 仁寿综合, Total: 1, Valid: 1, Valid Percent: 100.00%, Whitelist: 0, IPv4: 1, IPv6: 0, Min Delay: 1729 ms, Max Speed: 0.04 M/s, Avg Speed: 0.04 M/s, Max Resolution: None
Category: ☘️四川频道, Name: 凉山新闻综合, Total: 2, Valid: 0, Valid Percent: 0.00%, Whitelist: 0, IPv4: 2, IPv6: 0, Min Delay: -1 ms, Max Speed: 0.00 M/s, Avg Speed: 0.00 M/s, Max Resolution: 720x404
Category: ☘️四川频道, Name: 凉山语, Total: 2, Valid: 0, Valid Percent: 0.00%, Whitelist: 0, IPv4: 2, IPv6: 0, Min Delay: -1 ms, Max Speed: 0.00 M/s, Avg Speed: 0.00 M/s, Max Resolution: 720x404
Category: ☘️四川频道, Name: 剑阁综合, Total: 1, Valid: 1, Valid Percent: 100.00%, Whitelist: 0, IPv4: 1, IPv6: 0, Min Delay: 10307 ms, Max Speed: 0.09 M/s, Avg Speed: 0.09 M/s, Max Resolution: 960x528
Category: ☘️四川频道, Name: 叙州新闻综合, Total: 5, Valid: 5, Valid Percent: 100.00%, Whitelist: 0, IPv4: 0, IPv6: 5, Min Delay: 0.1 ms, Max Speed: 0.00 M/s, Avg Speed: 0.00 M/s, Max Resolution: 1920x1080
Category: ☘️四川频道, Name: 叙永综合, Total: 5, Valid: 4, Valid Percent: 80.00%, Whitelist: 0, IPv4: 1, IPv6: 4, Min Delay: 0.1 ms, Max Speed: 0.61 M/s, Avg Speed: 0.15 M/s, Max Resolution: 1920x1080
Category: ☘️四川频道, Name: 名山综合, Total: 2, Valid: 1, Valid Percent: 50.00%, Whitelist: 0, IPv4: 2, IPv6: 0, Min Delay: 1301 ms, Max Speed: 0.13 M/s, Avg Speed: 0.13 M/s, Max Resolution: 1920x1080
Category: ☘️四川频道, Name: 四川科教, Total: 3, Valid: 2, Valid Percent: 66.67%, Whitelist: 0, IPv4: 0, IPv6: 3, Min Delay: 0.1 ms, Max Speed: 0.00 M/s, Avg Speed: 0.00 M/s, Max Resolution: 1920x1080
Category: ☘️四川频道, Name: 夹江新闻综合, Total: 2, Valid: 1, Valid Percent: 50.00%, Whitelist: 0, IPv4: 2, IPv6: 0, Min Delay: 5568 ms, Max Speed: 0.05 M/s, Avg Speed: 0.05 M/s, Max Resolution: 1280x720
Category: ☘️四川频道, Name: 宝兴综合, Total: 1, Valid: 0, Valid Percent: 0.00%, Whitelist: 0, IPv4: 1, IPv6: 0, Min Delay: -1 ms, Max Speed: 0.00 M/s, Avg Speed: 0.00 M/s, Max Resolution: 1920x1080
Category: ☘️四川频道, Name: 小金综合, Total: 1, Valid: 0, Valid Percent: 0.00%, Whitelist: 0, IPv4: 1, IPv6: 0, Min Delay: -1 ms, Max Speed: 0.00 M/s, Avg Speed: 0.00 M/s, Max Resolution: 1920x1080
Category: ☘️四川频道, Name: 广元综合, Total: 2, Valid: 1, Valid Percent: 50.00%, Whitelist: 0, IPv4: 0, IPv6: 2, Min Delay: 0.1 ms, Max Speed: 0.00 M/s, Avg Speed: 0.00 M/s, Max Resolution: 1920x1080
Category: ☘️四川频道, Name: 广安公共, Total: 1, Valid: 1, Valid Percent: 100.00%, Whitelist: 0, IPv4: 1, IPv6: 0, Min Delay: 576 ms, Max Speed: 0.00 M/s, Avg Speed: 0.00 M/s, Max Resolution: 1920x1080
Category: ☘️四川频道, Name: 康巴卫视, Total: 10, Valid: 8, Valid Percent: 80.00%, Whitelist: 0, IPv4: 0, IPv6: 10, Min Delay: 0.1 ms, Max Speed: 0.00 M/s, Avg Speed: 0.00 M/s, Max Resolution: 1920x1080
Category: ☘️四川频道, Name: 德阳新闻综合, Total: 3, Valid: 3, Valid Percent: 100.00%, Whitelist: 0, IPv4: 0, IPv6: 3, Min Delay: 0.1 ms, Max Speed: 0.00 M/s, Avg Speed: 0.00 M/s, Max Resolution: 1920x1080
Category: ☘️四川频道, Name: 旺苍新闻综合, Total: 2, Valid: 1, Valid Percent: 50.00%, Whitelist: 0, IPv4: 1, IPv6: 1, Min Delay: 0.1 ms, Max Speed: 0.00 M/s, Avg Speed: 0.00 M/s, Max Resolution: 1920x1080
Category: ☘️四川频道, Name: 朝天综合, Total: 1, Valid: 1, Valid Percent: 100.00%, Whitelist: 0, IPv4: 1, IPv6: 0, Min Delay: 10244 ms, Max Speed: 0.04 M/s, Avg Speed: 0.04 M/s, Max Resolution: 960x528
Category: ☘️四川频道, Name: 松潘新闻综合, Total: 3, Valid: 2, Valid Percent: 66.67%, Whitelist: 0, IPv4: 0, IPv6: 3, Min Delay: 0.1 ms, Max Speed: 0.00 M/s, Avg Speed: 0.00 M/s, Max Resolution: 1920x1080
Category: ☘️四川频道, Name: 汉源综合, Total: 2, Valid: 1, Valid Percent: 50.00%, Whitelist: 0, IPv4: 0, IPv6: 2, Min Delay: 0.1 ms, Max Speed: 0.00 M/s, Avg Speed: 0.00 M/s, Max Resolution: 1920x1080
Category: ☘️四川频道, Name: 汶川新闻综合, Total: 4, Valid: 2, Valid Percent: 50.00%, Whitelist: 0, IPv4: 0, IPv6: 4, Min Delay: 0.1 ms, Max Speed: 0.00 M/s, Avg Speed: 0.00 M/s, Max Resolution: 1920x1080
Category: ☘️四川频道, Name: 沐川综合, Total: 3, Valid: 1, Valid Percent: 33.33%, Whitelist: 0, IPv4: 1, IPv6: 2, Min Delay: 0.1 ms, Max Speed: 0.00 M/s, Avg Speed: 0.00 M/s, Max Resolution: 1920x1080
Category: ☘️四川频道, Name: 泸县新闻综合, Total: 4, Valid: 3, Valid Percent: 75.00%, Whitelist: 0, IPv4: 0, IPv6: 4, Min Delay: 0.1 ms, Max Speed: 0.00 M/s, Avg Speed: 0.00 M/s, Max Resolution: 1920x1080
Category: ☘️四川频道, Name: 甘孜综合, Total: 1, Valid: 1, Valid Percent: 100.00%, Whitelist: 0, IPv4: 0, IPv6: 1, Min Delay: 0.1 ms, Max Speed: 0.00 M/s, Avg Speed: 0.00 M/s, Max Resolution: 1920x1080
Category: ☘️四川频道, Name: 石棉综合, Total: 2, Valid: 1, Valid Percent: 50.00%, Whitelist: 0, IPv4: 1, IPv6: 1, Min Delay: 0.1 ms, Max Speed: 0.00 M/s, Avg Speed: 0.00 M/s, Max Resolution: 1920x1080
Category: ☘️四川频道, Name: 筠连综合, Total: 1, Valid: 1, Valid Percent: 100.00%, Whitelist: 0, IPv4: 0, IPv6: 1, Min Delay: 0.1 ms, Max Speed: 0.00 M/s, Avg Speed: 0.00 M/s, Max Resolution: 1920x1080
Category: ☘️四川频道, Name: 绵阳科技, Total: 1, Valid: 1, Valid Percent: 100.00%, Whitelist: 0, IPv4: 0, IPv6: 1, Min Delay: 0.1 ms, Max Speed: 0.00 M/s, Avg Speed: 0.00 M/s, Max Resolution: 1920x1080
Category: ☘️四川频道, Name: 荥经综合, Total: 3, Valid: 2, Valid Percent: 66.67%, Whitelist: 0, IPv4: 1, IPv6: 2, Min Delay: 0.1 ms, Max Speed: 0.00 M/s, Avg Speed: 0.00 M/s, Max Resolution: 1920x1080
Category: ☘️四川频道, Name: 营山电视台, Total: 2, Valid: 2, Valid Percent: 100.00%, Whitelist: 0, IPv4: 0, IPv6: 2, Min Delay: 0.1 ms, Max Speed: 0.00 M/s, Avg Speed: 0.00 M/s, Max Resolution: 1920x1080
Category: ☘️四川频道, Name: 蓬安新闻综合, Total: 2, Valid: 2, Valid Percent: 100.00%, Whitelist: 0, IPv4: 0, IPv6: 2, Min Delay: 0.1 ms, Max Speed: 0.00 M/s, Avg Speed: 0.00 M/s, Max Resolution: 1920x1080
Category: ☘️四川频道, Name: 金川新闻综合, Total: 7, Valid: 4, Valid Percent: 57.14%, Whitelist: 0, IPv4: 2, IPv6: 5, Min Delay: 0.1 ms, Max Speed: 0.00 M/s, Avg Speed: 0.00 M/s, Max Resolution: 1920x1080
Category: ☘️四川频道, Name: 长宁综合, Total: 1, Valid: 0, Valid Percent: 0.00%, Whitelist: 0, IPv4: 1, IPv6: 0, Min Delay: -1 ms, Max Speed: 0.00 M/s, Avg Speed: 0.00 M/s, Max Resolution: 1920x1080
Category: ☘️四川频道, Name: 雅安雨城, Total: 1, Valid: 1, Valid Percent: 100.00%, Whitelist: 0, IPv4: 1, IPv6: 0, Min Delay: 2858 ms, Max Speed: 0.59 M/s, Avg Speed: 0.59 M/s, Max Resolution: 720x576
Category: ☘️四川频道, Name: 青川综合, Total: 1, Valid: 1, Valid Percent: 100.00%, Whitelist: 0, IPv4: 1, IPv6: 0, Min Delay: 10946 ms, Max Speed: 0.28 M/s, Avg Speed: 0.28 M/s, Max Resolution: 1920x1080
Category: ☘️四川频道, Name: 青神综合, Total: 1, Valid: 1, Valid Percent: 100.00%, Whitelist: 0, IPv4: 0, IPv6: 1, Min Delay: 0.1 ms, Max Speed: 0.00 M/s, Avg Speed: 0.00 M/s, Max Resolution: 1920x1080
Category: ☘️四川频道, Name: 马尔康综合, Total: 1, Valid: 0, Valid Percent: 0.00%, Whitelist: 0, IPv4: 1, IPv6: 0, Min Delay: 5354 ms, Max Speed: 0.00 M/s, Avg Speed: 0.00 M/s, Max Resolution: None
Category: ☘️陕西频道, Name: 陕西新闻资讯, Total: 15, Valid: 2, Valid Percent: 13.33%, Whitelist: 0, IPv4: 1, IPv6: 14, Min Delay: 0.1 ms, Max Speed: 18.67 M/s, Avg Speed: 9.33 M/s, Max Resolution: 1920x1080
Category: ☘️陕西频道, Name: 陕西都市青春, Total: 15, Valid: 2, Valid Percent: 13.33%, Whitelist: 0, IPv4: 1, IPv6: 14, Min Delay: 0.1 ms, Max Speed: 18.58 M/s, Avg Speed: 9.29 M/s, Max Resolution: 1920x1080
Category: ☘️陕西频道, Name: 陕西生活, Total: 1, Valid: 1, Valid Percent: 100.00%, Whitelist: 0, IPv4: 0, IPv6: 1, Min Delay: 0.1 ms, Max Speed: 0.00 M/s, Avg Speed: 0.00 M/s, Max Resolution: 1920x1080
Category: ☘️陕西频道, Name: 陕西公共, Total: 2, Valid: 2, Valid Percent: 100.00%, Whitelist: 0, IPv4: 0, IPv6: 2, Min Delay: 0.1 ms, Max Speed: 0.00 M/s, Avg Speed: 0.00 M/s, Max Resolution: 1920x1080
Category: ☘️陕西频道, Name: 陕西体育休闲, Total: 8, Valid: 2, Valid Percent: 25.00%, Whitelist: 0, IPv4: 1, IPv6: 7, Min Delay: 0.1 ms, Max Speed: 19.21 M/s, Avg Speed: 9.60 M/s, Max Resolution: 1920x1080
Category: ☘️陕西频道, Name: 陕西影视, Total: 2, Valid: 2, Valid Percent: 100.00%, Whitelist: 0, IPv4: 0, IPv6: 2, Min Delay: 0.1 ms, Max Speed: 0.00 M/s, Avg Speed: 0.00 M/s, Max Resolution: 1920x1080
Category: ☘️福建频道, Name: 三明新闻综合, Total: 2, Valid: 2, Valid Percent: 100.00%, Whitelist: 0, IPv4: 0, IPv6: 2, Min Delay: 0.1 ms, Max Speed: 0.00 M/s, Avg Speed: 0.00 M/s, Max Resolution: 1920x1080
Category: ☘️福建频道, Name: 云霄综合, Total: 4, Valid: 3, Valid Percent: 75.00%, Whitelist: 0, IPv4: 0, IPv6: 4, Min Delay: 0.1 ms, Max Speed: 0.00 M/s, Avg Speed: 0.00 M/s, Max Resolution: 1920x1080
Category: ☘️福建频道, Name: 厦门卫视, Total: 29, Valid: 28, Valid Percent: 96.55%, Whitelist: 0, IPv4: 0, IPv6: 29, Min Delay: 0.1 ms, Max Speed: 0.00 M/s, Avg Speed: 0.00 M/s, Max Resolution: 1920x1080
Category: ☘️福建频道, Name: 漳州新闻综合, Total: 3, Valid: 3, Valid Percent: 100.00%, Whitelist: 0, IPv4: 0, IPv6: 3, Min Delay: 0.1 ms, Max Speed: 0.00 M/s, Avg Speed: 0.00 M/s, Max Resolution: 1920x1080
Category: ☘️福建频道, Name: 福州少儿, Total: 1, Valid: 1, Valid Percent: 100.00%, Whitelist: 0, IPv4: 0, IPv6: 1, Min Delay: 0.1 ms, Max Speed: 0.00 M/s, Avg Speed: 0.00 M/s, Max Resolution: 1920x1080
Category: ☘️福建频道, Name: 福州生活, Total: 1, Valid: 1, Valid Percent: 100.00%, Whitelist: 0, IPv4: 0, IPv6: 1, Min Delay: 0.1 ms, Max Speed: 0.00 M/s, Avg Speed: 0.00 M/s, Max Resolution: 1920x1080
Category: ☘️福建频道, Name: 福州综合, Total: 1, Valid: 1, Valid Percent: 100.00%, Whitelist: 0, IPv4: 0, IPv6: 1, Min Delay: 0.1 ms, Max Speed: 0.00 M/s, Avg Speed: 0.00 M/s, Max Resolution: 1920x1080
Category: ☘️福建频道, Name: 福建新闻, Total: 7, Valid: 7, Valid Percent: 100.00%, Whitelist: 0, IPv4: 0, IPv6: 7, Min Delay: 0.1 ms, Max Speed: 0.00 M/s, Avg Speed: 0.00 M/s, Max Resolution: 1920x1080
Category: ☘️福建频道, Name: 福建电视剧, Total: 6, Valid: 6, Valid Percent: 100.00%, Whitelist: 0, IPv4: 0, IPv6: 6, Min Delay: 0.1 ms, Max Speed: 0.00 M/s, Avg Speed: 0.00 M/s, Max Resolution: 1920x1080
Category: ☘️福建频道, Name: 福建经济, Total: 5, Valid: 5, Valid Percent: 100.00%, Whitelist: 0, IPv4: 0, IPv6: 5, Min Delay: 0.1 ms, Max Speed: 0.00 M/s, Avg Speed: 0.00 M/s, Max Resolution: 1920x1080
Category: ☘️福建频道, Name: 福建综合, Total: 6, Valid: 6, Valid Percent: 100.00%, Whitelist: 0, IPv4: 0, IPv6: 6, Min Delay: 0.1 ms, Max Speed: 0.00 M/s, Avg Speed: 0.00 M/s, Max Resolution: 1920x1080
Category: ☘️福建频道, Name: 福建公共, Total: 2, Valid: 1, Valid Percent: 50.00%, Whitelist: 0, IPv4: 1, IPv6: 1, Min Delay: 960 ms, Max Speed: 0.31 M/s, Avg Speed: 0.31 M/s, Max Resolution: 1920x1080
Category: ☘️福建频道, Name: 福建旅游, Total: 2, Valid: 1, Valid Percent: 50.00%, Whitelist: 0, IPv4: 1, IPv6: 1, Min Delay: 996 ms, Max Speed: 0.25 M/s, Avg Speed: 0.25 M/s, Max Resolution: 1920x1080
Category: ☘️福建频道, Name: 福建经视, Total: 5, Valid: 0, Valid Percent: 0.00%, Whitelist: 0, IPv4: 0, IPv6: 5, Min Delay: -1 ms, Max Speed: 0.00 M/s, Avg Speed: 0.00 M/s, Max Resolution: None
Category: ☘️福建频道, Name: 福建少儿, Total: 6, Valid: 6, Valid Percent: 100.00%, Whitelist: 0, IPv4: 0, IPv6: 6, Min Delay: 0.1 ms, Max Speed: 0.00 M/s, Avg Speed: 0.00 M/s, Max Resolution: 1920x1080
Category: ☘️海南频道, Name: 海南新闻, Total: 16, Valid: 3, Valid Percent: 18.75%, Whitelist: 0, IPv4: 0, IPv6: 16, Min Delay: 0.1 ms, Max Speed: 0.00 M/s, Avg Speed: 0.00 M/s, Max Resolution: 1920x1080
Category: ☘️海南频道, Name: 海南自贸, Total: 14, Valid: 1, Valid Percent: 7.14%, Whitelist: 0, IPv4: 0, IPv6: 14, Min Delay: 0.1 ms, Max Speed: 0.00 M/s, Avg Speed: 0.00 M/s, Max Resolution: 1920x1080
Category: ☘️海南频道, Name: 海南文旅, Total: 16, Valid: 3, Valid Percent: 18.75%, Whitelist: 0, IPv4: 0, IPv6: 16, Min Delay: 0.1 ms, Max Speed: 0.00 M/s, Avg Speed: 0.00 M/s, Max Resolution: 1920x1080
Category: ☘️海南频道, Name: 海南少儿, Total: 14, Valid: 1, Valid Percent: 7.14%, Whitelist: 0, IPv4: 0, IPv6: 14, Min Delay: 0.1 ms, Max Speed: 0.00 M/s, Avg Speed: 0.00 M/s, Max Resolution: 1920x1080
Category: ☘️海南频道, Name: 海南公共, Total: 16, Valid: 3, Valid Percent: 18.75%, Whitelist: 0, IPv4: 0, IPv6: 16, Min Delay: 0.1 ms, Max Speed: 0.00 M/s, Avg Speed: 0.00 M/s, Max Resolution: 1920x1080
Category: ☘️河南频道, Name: 梨园, Total: 2, Valid: 1, Valid Percent: 50.00%, Whitelist: 0, IPv4: 1, IPv6: 1, Min Delay: 2020 ms, Max Speed: 0.71 M/s, Avg Speed: 0.71 M/s, Max Resolution: 1920x1080
Category: ☘️河南频道, Name: 临颍综合, Total: 1, Valid: 1, Valid Percent: 100.00%, Whitelist: 0, IPv4: 0, IPv6: 1, Min Delay: 0.1 ms, Max Speed: 0.00 M/s, Avg Speed: 0.00 M/s, Max Resolution: 1920x1080
Category: ☘️河南频道, Name: 义马新闻综合, Total: 2, Valid: 1, Valid Percent: 50.00%, Whitelist: 0, IPv4: 0, IPv6: 2, Min Delay: 0.1 ms, Max Speed: 0.00 M/s, Avg Speed: 0.00 M/s, Max Resolution: 1920x1080
Category: ☘️河南频道, Name: 光山综合, Total: 2, Valid: 1, Valid Percent: 50.00%, Whitelist: 0, IPv4: 0, IPv6: 2, Min Delay: 0.1 ms, Max Speed: 0.00 M/s, Avg Speed: 0.00 M/s, Max Resolution: 1920x1080
Category: ☘️河南频道, Name: 兰考新闻, Total: 3, Valid: 1, Valid Percent: 33.33%, Whitelist: 0, IPv4: 0, IPv6: 3, Min Delay: 0.1 ms, Max Speed: 0.00 M/s, Avg Speed: 0.00 M/s, Max Resolution: 1920x1080
Category: ☘️河南频道, Name: 卫辉综合, Total: 4, Valid: 1, Valid Percent: 25.00%, Whitelist: 0, IPv4: 0, IPv6: 4, Min Delay: 0.1 ms, Max Speed: 0.00 M/s, Avg Speed: 0.00 M/s, Max Resolution: 1920x1080
Category: ☘️河南频道, Name: 叶县, Total: 2, Valid: 1, Valid Percent: 50.00%, Whitelist: 0, IPv4: 0, IPv6: 2, Min Delay: 0.1 ms, Max Speed: 0.00 M/s, Avg Speed: 0.00 M/s, Max Resolution: 1920x1080
Category: ☘️河南频道, Name: 周口扶沟, Total: 1, Valid: 1, Valid Percent: 100.00%, Whitelist: 0, IPv4: 1, IPv6: 0, Min Delay: 10385 ms, Max Speed: 0.01 M/s, Avg Speed: 0.01 M/s, Max Resolution: 1920x1080
Category: ☘️河南频道, Name: 唐河一套, Total: 3, Valid: 1, Valid Percent: 33.33%, Whitelist: 0, IPv4: 0, IPv6: 3, Min Delay: 0.1 ms, Max Speed: 0.00 M/s, Avg Speed: 0.00 M/s, Max Resolution: 1920x1080
Category: ☘️河南频道, Name: 固始综合, Total: 2, Valid: 1, Valid Percent: 50.00%, Whitelist: 0, IPv4: 0, IPv6: 2, Min Delay: 0.1 ms, Max Speed: 0.00 M/s, Avg Speed: 0.00 M/s, Max Resolution: 1920x1080
Category: ☘️河南频道, Name: 宝丰综合, Total: 3, Valid: 1, Valid Percent: 33.33%, Whitelist: 0, IPv4: 0, IPv6: 3, Min Delay: 0.1 ms, Max Speed: 0.00 M/s, Avg Speed: 0.00 M/s, Max Resolution: 1920x1080
Category: ☘️河南频道, Name: 巩义新闻综合, Total: 3, Valid: 1, Valid Percent: 33.33%, Whitelist: 0, IPv4: 0, IPv6: 3, Min Delay: 0.1 ms, Max Speed: 0.00 M/s, Avg Speed: 0.00 M/s, Max Resolution: 1920x1080
Category: ☘️河南频道, Name: 扶沟综合, Total: 3, Valid: 1, Valid Percent: 33.33%, Whitelist: 0, IPv4: 0, IPv6: 3, Min Delay: 0.1 ms, Max Speed: 0.00 M/s, Avg Speed: 0.00 M/s, Max Resolution: 1920x1080
Category: ☘️河南频道, Name: 新乡县电视台, Total: 1, Valid: 1, Valid Percent: 100.00%, Whitelist: 0, IPv4: 0, IPv6: 1, Min Delay: 0.1 ms, Max Speed: 0.00 M/s, Avg Speed: 0.00 M/s, Max Resolution: 1920x1080
Category: ☘️河南频道, Name: 新县综合, Total: 2, Valid: 1, Valid Percent: 50.00%, Whitelist: 0, IPv4: 0, IPv6: 2, Min Delay: 0.1 ms, Max Speed: 0.00 M/s, Avg Speed: 0.00 M/s, Max Resolution: 1920x1080
Category: ☘️河南频道, Name: 新蔡综合, Total: 3, Valid: 1, Valid Percent: 33.33%, Whitelist: 0, IPv4: 0, IPv6: 3, Min Delay: 0.1 ms, Max Speed: 0.00 M/s, Avg Speed: 0.00 M/s, Max Resolution: 1920x1080
Category: ☘️河南频道, Name: 桐柏新闻综合, Total: 1, Valid: 1, Valid Percent: 100.00%, Whitelist: 0, IPv4: 0, IPv6: 1, Min Delay: 0.1 ms, Max Speed: 0.00 M/s, Avg Speed: 0.00 M/s, Max Resolution: 1920x1080
Category: ☘️河南频道, Name: 泌阳新闻综合, Total: 3, Valid: 1, Valid Percent: 33.33%, Whitelist: 0, IPv4: 0, IPv6: 3, Min Delay: 0.1 ms, Max Speed: 0.00 M/s, Avg Speed: 0.00 M/s, Max Resolution: 1920x1080
Category: ☘️河南频道, Name: 淅川电视, Total: 1, Valid: 0, Valid Percent: 0.00%, Whitelist: 0, IPv4: 0, IPv6: 1, Min Delay: -1 ms, Max Speed: 0.00 M/s, Avg Speed: 0.00 M/s, Max Resolution: None
Category: ☘️河南频道, Name: 渑池新闻综合, Total: 2, Valid: 1, Valid Percent: 50.00%, Whitelist: 0, IPv4: 0, IPv6: 2, Min Delay: 0.1 ms, Max Speed: 0.00 M/s, Avg Speed: 0.00 M/s, Max Resolution: 1920x1080
Category: ☘️河南频道, Name: 温县综合, Total: 3, Valid: 1, Valid Percent: 33.33%, Whitelist: 0, IPv4: 0, IPv6: 3, Min Delay: 0.1 ms, Max Speed: 0.00 M/s, Avg Speed: 0.00 M/s, Max Resolution: 1920x1080
Category: ☘️河南频道, Name: 潢川综合, Total: 2, Valid: 1, Valid Percent: 50.00%, Whitelist: 0, IPv4: 0, IPv6: 2, Min Delay: 0.1 ms, Max Speed: 0.00 M/s, Avg Speed: 0.00 M/s, Max Resolution: 1920x1080
Category: ☘️河南频道, Name: 焦作综合, Total: 1, Valid: 0, Valid Percent: 0.00%, Whitelist: 0, IPv4: 0, IPv6: 1, Min Delay: -1 ms, Max Speed: 0.00 M/s, Avg Speed: 0.00 M/s, Max Resolution: None
Category: ☘️河南频道, Name: 登封综合, Total: 3, Valid: 1, Valid Percent: 33.33%, Whitelist: 0, IPv4: 0, IPv6: 3, Min Delay: 0.1 ms, Max Speed: 0.00 M/s, Avg Speed: 0.00 M/s, Max Resolution: 1920x1080
Category: ☘️河南频道, Name: 禹州综合, Total: 1, Valid: 1, Valid Percent: 100.00%, Whitelist: 0, IPv4: 0, IPv6: 1, Min Delay: 0.1 ms, Max Speed: 0.00 M/s, Avg Speed: 0.00 M/s, Max Resolution: 1920x1080
Category: ☘️河南频道, Name: 西华综合, Total: 3, Valid: 1, Valid Percent: 33.33%, Whitelist: 0, IPv4: 0, IPv6: 3, Min Delay: 0.1 ms, Max Speed: 0.00 M/s, Avg Speed: 0.00 M/s, Max Resolution: 1920x1080
Category: ☘️河南频道, Name: 郏县综合, Total: 3, Valid: 1, Valid Percent: 33.33%, Whitelist: 0, IPv4: 0, IPv6: 3, Min Delay: 0.1 ms, Max Speed: 0.00 M/s, Avg Speed: 0.00 M/s, Max Resolution: 1920x1080
Category: ☘️河南频道, Name: 郸城新闻综合, Total: 6, Valid: 1, Valid Percent: 16.67%, Whitelist: 0, IPv4: 0, IPv6: 6, Min Delay: 0.1 ms, Max Speed: 0.00 M/s, Avg Speed: 0.00 M/s, Max Resolution: 1920x1080
Category: ☘️河南频道, Name: 鄢陵综合, Total: 2, Valid: 1, Valid Percent: 50.00%, Whitelist: 0, IPv4: 0, IPv6: 2, Min Delay: 0.1 ms, Max Speed: 0.00 M/s, Avg Speed: 0.00 M/s, Max Resolution: 1920x1080
Category: ☘️河南频道, Name: 项城新闻, Total: 2, Valid: 1, Valid Percent: 50.00%, Whitelist: 0, IPv4: 0, IPv6: 2, Min Delay: 0.1 ms, Max Speed: 0.00 M/s, Avg Speed: 0.00 M/s, Max Resolution: 1920x1080
Category: ☘️河南频道, Name: 鹤壁综合, Total: 1, Valid: 0, Valid Percent: 0.00%, Whitelist: 0, IPv4: 0, IPv6: 1, Min Delay: -1 ms, Max Speed: 0.00 M/s, Avg Speed: 0.00 M/s, Max Resolution: None
Category: ☘️河南频道, Name: 邓州新闻, Total: 1, Valid: 1, Valid Percent: 100.00%, Whitelist: 0, IPv4: 0, IPv6: 1, Min Delay: 0.1 ms, Max Speed: 0.00 M/s, Avg Speed: 0.00 M/s, Max Resolution: 1920x1080
Category: ☘️河南频道, Name: 许昌公共, Total: 1, Valid: 0, Valid Percent: 0.00%, Whitelist: 0, IPv4: 0, IPv6: 1, Min Delay: -1 ms, Max Speed: 0.00 M/s, Avg Speed: 0.00 M/s, Max Resolution: None
Category: ☘️河南频道, Name: 荥阳综合, Total: 4, Valid: 3, Valid Percent: 75.00%, Whitelist: 0, IPv4: 0, IPv6: 4, Min Delay: 0.1 ms, Max Speed: 0.00 M/s, Avg Speed: 0.00 M/s, Max Resolution: 1920x1080
Category: ☘️河南频道, Name: 禹州公共, Total: 1, Valid: 1, Valid Percent: 100.00%, Whitelist: 0, IPv4: 0, IPv6: 1, Min Delay: 0.1 ms, Max Speed: 0.00 M/s, Avg Speed: 0.00 M/s, Max Resolution: 1920x1080
Category: ☘️河南频道, Name: 焦作教育, Total: 1, Valid: 0, Valid Percent: 0.00%, Whitelist: 0, IPv4: 0, IPv6: 1, Min Delay: -1 ms, Max Speed: 0.00 M/s, Avg Speed: 0.00 M/s, Max Resolution: None
Category: ☘️河南频道, Name: 焦作公共, Total: 1, Valid: 0, Valid Percent: 0.00%, Whitelist: 0, IPv4: 0, IPv6: 1, Min Delay: -1 ms, Max Speed: 0.00 M/s, Avg Speed: 0.00 M/s, Max Resolution: None
Category: ☘️河南频道, Name: 灵宝新闻综合, Total: 1, Valid: 1, Valid Percent: 100.00%, Whitelist: 0, IPv4: 0, IPv6: 1, Min Delay: 0.1 ms, Max Speed: 0.00 M/s, Avg Speed: 0.00 M/s, Max Resolution: 1920x1080
Category: ☘️河南频道, Name: 濮阳公共, Total: 1, Valid: 0, Valid Percent: 0.00%, Whitelist: 0, IPv4: 0, IPv6: 1, Min Delay: -1 ms, Max Speed: 0.00 M/s, Avg Speed: 0.00 M/s, Max Resolution: None
Category: ☘️河南频道, Name: 滑县新闻, Total: 1, Valid: 1, Valid Percent: 100.00%, Whitelist: 0, IPv4: 0, IPv6: 1, Min Delay: 0.1 ms, Max Speed: 0.00 M/s, Avg Speed: 0.00 M/s, Max Resolution: 1920x1080
Category: ☘️河南频道, Name: 济源电视一套, Total: 2, Valid: 1, Valid Percent: 50.00%, Whitelist: 0, IPv4: 0, IPv6: 2, Min Delay: 0.1 ms, Max Speed: 0.00 M/s, Avg Speed: 0.00 M/s, Max Resolution: 1920x1080
Category: ☘️河南频道, Name: 洛阳综合, Total: 2, Valid: 1, Valid Percent: 50.00%, Whitelist: 0, IPv4: 0, IPv6: 2, Min Delay: 0.1 ms, Max Speed: 0.00 M/s, Avg Speed: 0.00 M/s, Max Resolution: 1920x1080
Category: ☘️河南频道, Name: 洛阳科教, Total: 2, Valid: 1, Valid Percent: 50.00%, Whitelist: 0, IPv4: 0, IPv6: 2, Min Delay: 0.1 ms, Max Speed: 0.00 M/s, Avg Speed: 0.00 M/s, Max Resolution: 1920x1080
Category: ☘️河南频道, Name: 洛阳文旅, Total: 1, Valid: 1, Valid Percent: 100.00%, Whitelist: 0, IPv4: 0, IPv6: 1, Min Delay: 0.1 ms, Max Speed: 0.00 M/s, Avg Speed: 0.00 M/s, Max Resolution: 1920x1080
Category: ☘️河南频道, Name: 河南都市, Total: 20, Valid: 6, Valid Percent: 30.00%, Whitelist: 0, IPv4: 1, IPv6: 19, Min Delay: 0.1 ms, Max Speed: 31.54 M/s, Avg Speed: 5.26 M/s, Max Resolution: 1920x1080
Category: ☘️河南频道, Name: 河南民生, Total: 19, Valid: 5, Valid Percent: 26.32%, Whitelist: 0, IPv4: 0, IPv6: 19, Min Delay: 0.1 ms, Max Speed: 0.00 M/s, Avg Speed: 0.00 M/s, Max Resolution: 1920x1080
Category: ☘️河南频道, Name: 沁阳新闻综合, Total: 2, Valid: 2, Valid Percent: 100.00%, Whitelist: 0, IPv4: 0, IPv6: 2, Min Delay: 0.1 ms, Max Speed: 0.00 M/s, Avg Speed: 0.00 M/s, Max Resolution: 1920x1080
Category: ☘️河南频道, Name: 永城综合, Total: 2, Valid: 2, Valid Percent: 100.00%, Whitelist: 0, IPv4: 0, IPv6: 2, Min Delay: 0.1 ms, Max Speed: 0.00 M/s, Avg Speed: 0.00 M/s, Max Resolution: 1920x1080
Category: ☘️河南频道, Name: 方城一套, Total: 2, Valid: 1, Valid Percent: 50.00%, Whitelist: 0, IPv4: 0, IPv6: 2, Min Delay: 0.1 ms, Max Speed: 0.00 M/s, Avg Speed: 0.00 M/s, Max Resolution: 1920x1080
Category: ☘️河南频道, Name: 新野综合, Total: 3, Valid: 1, Valid Percent: 33.33%, Whitelist: 0, IPv4: 0, IPv6: 3, Min Delay: 0.1 ms, Max Speed: 0.00 M/s, Avg Speed: 0.00 M/s, Max Resolution: 1920x1080
Category: ☘️河南频道, Name: 新安新闻综合, Total: 3, Valid: 2, Valid Percent: 66.67%, Whitelist: 0, IPv4: 0, IPv6: 3, Min Delay: 0.1 ms, Max Speed: 0.00 M/s, Avg Speed: 0.00 M/s, Max Resolution: 1920x1080
Category: ☘️河南频道, Name: 开封新闻综合, Total: 3, Valid: 3, Valid Percent: 100.00%, Whitelist: 0, IPv4: 0, IPv6: 3, Min Delay: 0.1 ms, Max Speed: 0.00 M/s, Avg Speed: 0.00 M/s, Max Resolution: 1920x1080
Category: ☘️河南频道, Name: 开封文化旅游, Total: 4, Valid: 3, Valid Percent: 75.00%, Whitelist: 0, IPv4: 0, IPv6: 4, Min Delay: 0.1 ms, Max Speed: 0.00 M/s, Avg Speed: 0.00 M/s, Max Resolution: 1920x1080
Category: ☘️河南频道, Name: 嵩县综合新闻, Total: 2, Valid: 2, Valid Percent: 100.00%, Whitelist: 0, IPv4: 0, IPv6: 2, Min Delay: 0.1 ms, Max Speed: 0.00 M/s, Avg Speed: 0.00 M/s, Max Resolution: 1920x1080
Category: ☘️河南频道, Name: 宜阳综合, Total: 4, Valid: 1, Valid Percent: 25.00%, Whitelist: 0, IPv4: 0, IPv6: 4, Min Delay: 0.1 ms, Max Speed: 0.00 M/s, Avg Speed: 0.00 M/s, Max Resolution: 1920x1080
Category: ☘️河南频道, Name: 周口新闻综合, Total: 2, Valid: 2, Valid Percent: 100.00%, Whitelist: 0, IPv4: 0, IPv6: 2, Min Delay: 0.1 ms, Max Speed: 0.00 M/s, Avg Speed: 0.00 M/s, Max Resolution: 1920x1080
Category: ☘️河南频道, Name: 内黄综合, Total: 3, Valid: 1, Valid Percent: 33.33%, Whitelist: 0, IPv4: 0, IPv6: 3, Min Delay: 0.1 ms, Max Speed: 0.00 M/s, Avg Speed: 0.00 M/s, Max Resolution: 1920x1080
Category: ☘️河南频道, Name: 内乡综合, Total: 1, Valid: 1, Valid Percent: 100.00%, Whitelist: 0, IPv4: 0, IPv6: 1, Min Delay: 0.1 ms, Max Speed: 0.00 M/s, Avg Speed: 0.00 M/s, Max Resolution: 1920x1080
Category: ☘️河南频道, Name: 偃师新闻, Total: 2, Valid: 1, Valid Percent: 50.00%, Whitelist: 0, IPv4: 0, IPv6: 2, Min Delay: 0.1 ms, Max Speed: 0.00 M/s, Avg Speed: 0.00 M/s, Max Resolution: 1920x1080
Category: ☘️河北频道, Name: 鹿泉一套, Total: 2, Valid: 1, Valid Percent: 50.00%, Whitelist: 0, IPv4: 0, IPv6: 2, Min Delay: 0.1 ms, Max Speed: 0.00 M/s, Avg Speed: 0.00 M/s, Max Resolution: 1920x1080
Category: ☘️河北频道, Name: 邯郸科技教育, Total: 2, Valid: 1, Valid Percent: 50.00%, Whitelist: 0, IPv4: 0, IPv6: 2, Min Delay: 0.1 ms, Max Speed: 0.00 M/s, Avg Speed: 0.00 M/s, Max Resolution: 1920x1080
Category: ☘️河北频道, Name: 邯郸公共, Total: 3, Valid: 2, Valid Percent: 66.67%, Whitelist: 0, IPv4: 0, IPv6: 3, Min Delay: 0.1 ms, Max Speed: 0.00 M/s, Avg Speed: 0.00 M/s, Max Resolution: 1920x1080
Category: ☘️河北频道, Name: 邯郸新闻, Total: 1, Valid: 0, Valid Percent: 0.00%, Whitelist: 0, IPv4: 0, IPv6: 1, Min Delay: -1 ms, Max Speed: 0.00 M/s, Avg Speed: 0.00 M/s, Max Resolution: None
Category: ☘️河北频道, Name: 邯郸科教, Total: 2, Valid: 1, Valid Percent: 50.00%, Whitelist: 0, IPv4: 0, IPv6: 2, Min Delay: 0.1 ms, Max Speed: 0.00 M/s, Avg Speed: 0.00 M/s, Max Resolution: 1920x1080
Category: ☘️河北频道, Name: 邢台综合, Total: 15, Valid: 8, Valid Percent: 53.33%, Whitelist: 0, IPv4: 0, IPv6: 15, Min Delay: 0.1 ms, Max Speed: 0.00 M/s, Avg Speed: 0.00 M/s, Max Resolution: 1920x1080
Category: ☘️河北频道, Name: 衡水公共, Total: 1, Valid: 1, Valid Percent: 100.00%, Whitelist: 0, IPv4: 0, IPv6: 1, Min Delay: 0.1 ms, Max Speed: 0.00 M/s, Avg Speed: 0.00 M/s, Max Resolution: 1920x1080
Category: ☘️河北频道, Name: 石家庄都市, Total: 4, Valid: 4, Valid Percent: 100.00%, Whitelist: 0, IPv4: 0, IPv6: 4, Min Delay: 0.1 ms, Max Speed: 0.00 M/s, Avg Speed: 0.00 M/s, Max Resolution: 1920x1080
Category: ☘️河北频道, Name: 石家庄生活, Total: 4, Valid: 4, Valid Percent: 100.00%, Whitelist: 0, IPv4: 0, IPv6: 4, Min Delay: 0.1 ms, Max Speed: 0.00 M/s, Avg Speed: 0.00 M/s, Max Resolution: 1920x1080
Category: ☘️河北频道, Name: 石家庄新闻综合, Total: 5, Valid: 5, Valid Percent: 100.00%, Whitelist: 0, IPv4: 0, IPv6: 5, Min Delay: 0.1 ms, Max Speed: 0.00 M/s, Avg Speed: 0.00 M/s, Max Resolution: 1920x1080
Category: ☘️河北频道, Name: 石家庄娱乐, Total: 5, Valid: 5, Valid Percent: 100.00%, Whitelist: 0, IPv4: 0, IPv6: 5, Min Delay: 0.1 ms, Max Speed: 0.00 M/s, Avg Speed: 0.00 M/s, Max Resolution: 1920x1080
Category: ☘️河北频道, Name: 滦平新闻, Total: 1, Valid: 1, Valid Percent: 100.00%, Whitelist: 0, IPv4: 0, IPv6: 1, Min Delay: 0.1 ms, Max Speed: 0.00 M/s, Avg Speed: 0.00 M/s, Max Resolution: 1920x1080
Category: ☘️河北频道, Name: 河北都市, Total: 18, Valid: 18, Valid Percent: 100.00%, Whitelist: 0, IPv4: 1, IPv6: 17, Min Delay: 0.1 ms, Max Speed: 0.05 M/s, Avg Speed: 0.00 M/s, Max Resolution: 1920x1080
Category: ☘️河北频道, Name: 河北农民, Total: 20, Valid: 16, Valid Percent: 80.00%, Whitelist: 0, IPv4: 0, IPv6: 20, Min Delay: 0.1 ms, Max Speed: 0.00 M/s, Avg Speed: 0.00 M/s, Max Resolution: 1920x1080
Category: ☘️河北频道, Name: 昌黎综合, Total: 2, Valid: 0, Valid Percent: 0.00%, Whitelist: 0, IPv4: 0, IPv6: 2, Min Delay: -1 ms, Max Speed: 0.00 M/s, Avg Speed: 0.00 M/s, Max Resolution: None
Category: ☘️河北频道, Name: 任丘文娱, Total: 2, Valid: 1, Valid Percent: 50.00%, Whitelist: 0, IPv4: 0, IPv6: 2, Min Delay: 0.1 ms, Max Speed: 0.00 M/s, Avg Speed: 0.00 M/s, Max Resolution: 1920x1080
Category: ☘️河北频道, Name: 任丘综合, Total: 2, Valid: 1, Valid Percent: 50.00%, Whitelist: 0, IPv4: 0, IPv6: 2, Min Delay: 0.1 ms, Max Speed: 0.00 M/s, Avg Speed: 0.00 M/s, Max Resolution: 1920x1080
Category: ☘️河北频道, Name: 兴隆综合, Total: 2, Valid: 1, Valid Percent: 50.00%, Whitelist: 0, IPv4: 0, IPv6: 2, Min Delay: 0.1 ms, Max Speed: 0.00 M/s, Avg Speed: 0.00 M/s, Max Resolution: 1920x1080
Category: ☘️河北频道, Name: 平泉影视, Total: 1, Valid: 0, Valid Percent: 0.00%, Whitelist: 0, IPv4: 0, IPv6: 1, Min Delay: -1 ms, Max Speed: 0.00 M/s, Avg Speed: 0.00 M/s, Max Resolution: None
Category: ☘️河北频道, Name: 平泉综合, Total: 1, Valid: 1, Valid Percent: 100.00%, Whitelist: 0, IPv4: 0, IPv6: 1, Min Delay: 0.1 ms, Max Speed: 0.00 M/s, Avg Speed: 0.00 M/s, Max Resolution: 1920x1080
Category: ☘️河北频道, Name: 昌黎, Total: 1, Valid: 1, Valid Percent: 100.00%, Whitelist: 0, IPv4: 0, IPv6: 1, Min Delay: 0.1 ms, Max Speed: 0.00 M/s, Avg Speed: 0.00 M/s, Max Resolution: 1920x1080
Category: ☘️河北频道, Name: 清河新闻综合, Total: 2, Valid: 1, Valid Percent: 50.00%, Whitelist: 0, IPv4: 0, IPv6: 2, Min Delay: 0.1 ms, Max Speed: 0.00 M/s, Avg Speed: 0.00 M/s, Max Resolution: 1920x1080
Category: ☘️河北频道, Name: 清河经济综艺, Total: 2, Valid: 1, Valid Percent: 50.00%, Whitelist: 0, IPv4: 0, IPv6: 2, Min Delay: 0.1 ms, Max Speed: 0.00 M/s, Avg Speed: 0.00 M/s, Max Resolution: 1920x1080
Category: ☘️贵州频道, Name: 安顺新闻, Total: 2, Valid: 2, Valid Percent: 100.00%, Whitelist: 0, IPv4: 0, IPv6: 2, Min Delay: 0.1 ms, Max Speed: 0.00 M/s, Avg Speed: 0.00 M/s, Max Resolution: 1920x1080
Category: ☘️甘肃频道, Name: 甘肃经济, Total: 1, Valid: 1, Valid Percent: 100.00%, Whitelist: 0, IPv4: 0, IPv6: 1, Min Delay: 0.1 ms, Max Speed: 0.00 M/s, Avg Speed: 0.00 M/s, Max Resolution: 1920x1080
Category: ☘️甘肃频道, Name: 甘肃公共, Total: 1, Valid: 1, Valid Percent: 100.00%, Whitelist: 0, IPv4: 0, IPv6: 1, Min Delay: 0.1 ms, Max Speed: 0.00 M/s, Avg Speed: 0.00 M/s, Max Resolution: 1920x1080
Category: ☘️甘肃频道, Name: 甘肃都市, Total: 1, Valid: 1, Valid Percent: 100.00%, Whitelist: 0, IPv4: 0, IPv6: 1, Min Delay: 0.1 ms, Max Speed: 0.00 M/s, Avg Speed: 0.00 M/s, Max Resolution: 1920x1080
Category: ☘️甘肃频道, Name: 临夏州综合, Total: 1, Valid: 1, Valid Percent: 100.00%, Whitelist: 0, IPv4: 1, IPv6: 0, Min Delay: 896 ms, Max Speed: 0.17 M/s, Avg Speed: 0.17 M/s, Max Resolution: 720x576
Category: ☘️甘肃频道, Name: 嘉峪关综合, Total: 1, Valid: 1, Valid Percent: 100.00%, Whitelist: 0, IPv4: 1, IPv6: 0, Min Delay: 1589 ms, Max Speed: 1.18 M/s, Avg Speed: 1.18 M/s, Max Resolution: 1920x1080
Category: ☘️甘肃频道, Name: 天祝综合, Total: 1, Valid: 1, Valid Percent: 100.00%, Whitelist: 0, IPv4: 1, IPv6: 0, Min Delay: 1615 ms, Max Speed: 0.59 M/s, Avg Speed: 0.59 M/s, Max Resolution: 1920x1080
Category: ☘️甘肃频道, Name: 永昌综合, Total: 1, Valid: 1, Valid Percent: 100.00%, Whitelist: 0, IPv4: 1, IPv6: 0, Min Delay: 1523 ms, Max Speed: 1.27 M/s, Avg Speed: 1.27 M/s, Max Resolution: 1920x1080
Category: ☘️甘肃频道, Name: 甘南综合, Total: 1, Valid: 1, Valid Percent: 100.00%, Whitelist: 0, IPv4: 1, IPv6: 0, Min Delay: 1545 ms, Max Speed: 0.17 M/s, Avg Speed: 0.17 M/s, Max Resolution: 1920x1080
Category: ☘️甘肃频道, Name: 甘肃少儿, Total: 1, Valid: 1, Valid Percent: 100.00%, Whitelist: 0, IPv4: 0, IPv6: 1, Min Delay: 0.1 ms, Max Speed: 0.00 M/s, Avg Speed: 0.00 M/s, Max Resolution: 1920x1080
Category: ☘️甘肃频道, Name: 白银综合, Total: 2, Valid: 2, Valid Percent: 100.00%, Whitelist: 0, IPv4: 2, IPv6: 0, Min Delay: 1437 ms, Max Speed: 1.19 M/s, Avg Speed: 1.07 M/s, Max Resolution: 1920x1080
Category: ☘️甘肃频道, Name: 秦安综合, Total: 1, Valid: 1, Valid Percent: 100.00%, Whitelist: 0, IPv4: 1, IPv6: 0, Min Delay: 1900 ms, Max Speed: 1.11 M/s, Avg Speed: 1.11 M/s, Max Resolution: 1920x1080
Category: ☘️甘肃频道, Name: 西峰综合, Total: 2, Valid: 2, Valid Percent: 100.00%, Whitelist: 0, IPv4: 2, IPv6: 0, Min Delay: 1579 ms, Max Speed: 1.17 M/s, Avg Speed: 0.88 M/s, Max Resolution: 1280x720
Category: ☘️甘肃频道, Name: 酒泉综合, Total: 1, Valid: 1, Valid Percent: 100.00%, Whitelist: 0, IPv4: 0, IPv6: 1, Min Delay: 0.1 ms, Max Speed: 0.00 M/s, Avg Speed: 0.00 M/s, Max Resolution: 1920x1080
Category: ☘️甘肃频道, Name: 金昌综合, Total: 1, Valid: 0, Valid Percent: 0.00%, Whitelist: 0, IPv4: 1, IPv6: 0, Min Delay: 231 ms, Max Speed: 0.00 M/s, Avg Speed: 0.00 M/s, Max Resolution: None
Category: ☘️新疆频道, Name: 哈密一套, Total: 1, Valid: 1, Valid Percent: 100.00%, Whitelist: 0, IPv4: 1, IPv6: 0, Min Delay: 275 ms, Max Speed: 0.17 M/s, Avg Speed: 0.17 M/s, Max Resolution: 1920x1080
Category: ☘️新疆频道, Name: 哈密二套, Total: 1, Valid: 1, Valid Percent: 100.00%, Whitelist: 0, IPv4: 1, IPv6: 0, Min Delay: 18 ms, Max Speed: 37.71 M/s, Avg Speed: 37.71 M/s, Max Resolution: 1920x1080
Category: ☘️新疆频道, Name: 哈密三套, Total: 1, Valid: 1, Valid Percent: 100.00%, Whitelist: 0, IPv4: 1, IPv6: 0, Min Delay: 17 ms, Max Speed: 37.78 M/s, Avg Speed: 37.78 M/s, Max Resolution: 1920x1080
Category: ☘️新疆频道, Name: 伊犁维吾尔, Total: 2, Valid: 2, Valid Percent: 100.00%, Whitelist: 0, IPv4: 2, IPv6: 0, Min Delay: 3349 ms, Max Speed: 1.77 M/s, Avg Speed: 1.35 M/s, Max Resolution: None
Category: ☘️新疆频道, Name: 伊犁哈萨克, Total: 2, Valid: 2, Valid Percent: 100.00%, Whitelist: 0, IPv4: 2, IPv6: 0, Min Delay: 4762 ms, Max Speed: 1.44 M/s, Avg Speed: 1.27 M/s, Max Resolution: None
Category: ☘️新疆频道, Name: 伊犁经济法制, Total: 1, Valid: 1, Valid Percent: 100.00%, Whitelist: 0, IPv4: 1, IPv6: 0, Min Delay: 5032 ms, Max Speed: 1.24 M/s, Avg Speed: 1.24 M/s, Max Resolution: None
Category: ☘️新疆频道, Name: 兵团五师双河新闻综合, Total: 2, Valid: 2, Valid Percent: 100.00%, Whitelist: 0, IPv4: 2, IPv6: 0, Min Delay: 1432 ms, Max Speed: 0.28 M/s, Avg Speed: 0.27 M/s, Max Resolution: 720x576
Category: ☘️新疆频道, Name: 奎屯哈萨克语, Total: 2, Valid: 2, Valid Percent: 100.00%, Whitelist: 0, IPv4: 2, IPv6: 0, Min Delay: 3643 ms, Max Speed: 0.31 M/s, Avg Speed: 0.31 M/s, Max Resolution: 1920x1080
Category: ☘️新疆频道, Name: 玛纳斯综合, Total: 3, Valid: 3, Valid Percent: 100.00%, Whitelist: 0, IPv4: 3, IPv6: 0, Min Delay: 3969 ms, Max Speed: 0.33 M/s, Avg Speed: 0.33 M/s, Max Resolution: 1920x1080
Category: ☘️新疆频道, Name: 新疆卫视, Total: 31, Valid: 21, Valid Percent: 67.74%, Whitelist: 0, IPv4: 0, IPv6: 31, Min Delay: 0.1 ms, Max Speed: 0.00 M/s, Avg Speed: 0.00 M/s, Max Resolution: 1920x1080
Category: ☘️新疆频道, Name: 可克达拉综合, Total: 2, Valid: 1, Valid Percent: 50.00%, Whitelist: 0, IPv4: 2, IPv6: 0, Min Delay: 10284 ms, Max Speed: 0.19 M/s, Avg Speed: 0.19 M/s, Max Resolution: 1920x1080
Category: ☘️新疆频道, Name: 巴音郭楞州, Total: 1, Valid: 0, Valid Percent: 0.00%, Whitelist: 0, IPv4: 1, IPv6: 0, Min Delay: -1 ms, Max Speed: 0.00 M/s, Avg Speed: 0.00 M/s, Max Resolution: 1920x1080
Category: ☘️新疆频道, Name: 石河子教育, Total: 1, Valid: 0, Valid Percent: 0.00%, Whitelist: 0, IPv4: 1, IPv6: 0, Min Delay: -1 ms, Max Speed: 0.00 M/s, Avg Speed: 0.00 M/s, Max Resolution: 1920x1080
Category: ☘️新疆频道, Name: 石河子新闻综合, Total: 1, Valid: 0, Valid Percent: 0.00%, Whitelist: 0, IPv4: 1, IPv6: 0, Min Delay: -1 ms, Max Speed: 0.00 M/s, Avg Speed: 0.00 M/s, Max Resolution: 1920x1080
Category: ☘️山东频道, Name: 山东少儿, Total: 9, Valid: 9, Valid Percent: 100.00%, Whitelist: 0, IPv4: 0, IPv6: 9, Min Delay: 0.1 ms, Max Speed: 0.00 M/s, Avg Speed: 0.00 M/s, Max Resolution: 1920x1080
Category: ☘️山东频道, Name: 山东新闻, Total: 9, Valid: 9, Valid Percent: 100.00%, Whitelist: 0, IPv4: 0, IPv6: 9, Min Delay: 0.1 ms, Max Speed: 0.00 M/s, Avg Speed: 0.00 M/s, Max Resolution: 1920x1080
Category: ☘️山东频道, Name: 山东教育, Total: 23, Valid: 4, Valid Percent: 17.39%, Whitelist: 0, IPv4: 1, IPv6: 22, Min Delay: 0.1 ms, Max Speed: 18.16 M/s, Avg Speed: 4.54 M/s, Max Resolution: 1920x1080
Category: ☘️山东频道, Name: 山东居家购物, Total: 1, Valid: 1, Valid Percent: 100.00%, Whitelist: 0, IPv4: 0, IPv6: 1, Min Delay: 0.1 ms, Max Speed: 0.00 M/s, Avg Speed: 0.00 M/s, Max Resolution: 1920x1080
Category: ☘️山东频道, Name: 山东农科, Total: 1, Valid: 1, Valid Percent: 100.00%, Whitelist: 0, IPv4: 0, IPv6: 1, Min Delay: 0.1 ms, Max Speed: 0.00 M/s, Avg Speed: 0.00 M/s, Max Resolution: 1920x1080
Category: ☘️山东频道, Name: 山东齐鲁, Total: 1, Valid: 1, Valid Percent: 100.00%, Whitelist: 0, IPv4: 0, IPv6: 1, Min Delay: 0.1 ms, Max Speed: 0.00 M/s, Avg Speed: 0.00 M/s, Max Resolution: 1920x1080
Category: ☘️山东频道, Name: 山东生活, Total: 2, Valid: 2, Valid Percent: 100.00%, Whitelist: 0, IPv4: 0, IPv6: 2, Min Delay: 0.1 ms, Max Speed: 0.00 M/s, Avg Speed: 0.00 M/s, Max Resolution: 1920x1080
Category: ☘️山东频道, Name: 山东体育, Total: 11, Valid: 10, Valid Percent: 90.91%, Whitelist: 0, IPv4: 0, IPv6: 11, Min Delay: 0.1 ms, Max Speed: 0.00 M/s, Avg Speed: 0.00 M/s, Max Resolution: 1920x1080
Category: ☘️山东频道, Name: 山东文旅, Total: 1, Valid: 0, Valid Percent: 0.00%, Whitelist: 0, IPv4: 1, IPv6: 0, Min Delay: 10207 ms, Max Speed: 0.00 M/s, Avg Speed: 0.00 M/s, Max Resolution: None
Category: ☘️山东频道, Name: 山东综艺, Total: 1, Valid: 1, Valid Percent: 100.00%, Whitelist: 0, IPv4: 0, IPv6: 1, Min Delay: 0.1 ms, Max Speed: 0.00 M/s, Avg Speed: 0.00 M/s, Max Resolution: 1920x1080
Category: ☘️山东频道, Name: 济南综合, Total: 3, Valid: 3, Valid Percent: 100.00%, Whitelist: 0, IPv4: 0, IPv6: 3, Min Delay: 0.1 ms, Max Speed: 0.00 M/s, Avg Speed: 0.00 M/s, Max Resolution: 1920x1080
Category: ☘️山东频道, Name: 济南新闻综合, Total: 2, Valid: 1, Valid Percent: 50.00%, Whitelist: 0, IPv4: 0, IPv6: 2, Min Delay: 0.1 ms, Max Speed: 0.00 M/s, Avg Speed: 0.00 M/s, Max Resolution: 1920x1080
Category: ☘️山东频道, Name: 济南教育, Total: 1, Valid: 1, Valid Percent: 100.00%, Whitelist: 0, IPv4: 0, IPv6: 1, Min Delay: 0.1 ms, Max Speed: 0.00 M/s, Avg Speed: 0.00 M/s, Max Resolution: 1920x1080
Category: ☘️山东频道, Name: 青州综合, Total: 1, Valid: 0, Valid Percent: 0.00%, Whitelist: 0, IPv4: 1, IPv6: 0, Min Delay: -1 ms, Max Speed: 0.00 M/s, Avg Speed: 0.00 M/s, Max Resolution: 720x576
Category: ☘️山东频道, Name: 东营综合, Total: 1, Valid: 0, Valid Percent: 0.00%, Whitelist: 0, IPv4: 1, IPv6: 0, Min Delay: 5529 ms, Max Speed: 0.00 M/s, Avg Speed: 0.00 M/s, Max Resolution: None
Category: ☘️山东频道, Name: 日照公共, Total: 1, Valid: 1, Valid Percent: 100.00%, Whitelist: 0, IPv4: 0, IPv6: 1, Min Delay: 0.1 ms, Max Speed: 0.00 M/s, Avg Speed: 0.00 M/s, Max Resolution: 1920x1080
Category: ☘️山东频道, Name: 日照新闻综合, Total: 1, Valid: 1, Valid Percent: 100.00%, Whitelist: 0, IPv4: 0, IPv6: 1, Min Delay: 0.1 ms, Max Speed: 0.00 M/s, Avg Speed: 0.00 M/s, Max Resolution: 1920x1080
Category: ☘️山东频道, Name: 日照科教, Total: 1, Valid: 1, Valid Percent: 100.00%, Whitelist: 0, IPv4: 0, IPv6: 1, Min Delay: 0.1 ms, Max Speed: 0.00 M/s, Avg Speed: 0.00 M/s, Max Resolution: 1920x1080
Category: ☘️山东频道, Name: 潍坊新闻综合, Total: 2, Valid: 2, Valid Percent: 100.00%, Whitelist: 0, IPv4: 0, IPv6: 2, Min Delay: 0.1 ms, Max Speed: 0.00 M/s, Avg Speed: 0.00 M/s, Max Resolution: 1920x1080
Category: ☘️山东频道, Name: 菏泽一套新闻综合, Total: 1, Valid: 1, Valid Percent: 100.00%, Whitelist: 0, IPv4: 1, IPv6: 0, Min Delay: 3468 ms, Max Speed: 0.53 M/s, Avg Speed: 0.53 M/s, Max Resolution: 1280x720
Category: ☘️山东频道, Name: 菏泽新闻综合, Total: 2, Valid: 2, Valid Percent: 100.00%, Whitelist: 0, IPv4: 2, IPv6: 0, Min Delay: 3044 ms, Max Speed: 0.62 M/s, Avg Speed: 0.61 M/s, Max Resolution: 1280x720
Category: ☘️山东频道, Name: 菏泽经济生活, Total: 2, Valid: 2, Valid Percent: 100.00%, Whitelist: 0, IPv4: 2, IPv6: 0, Min Delay: 3044 ms, Max Speed: 1.04 M/s, Avg Speed: 0.97 M/s, Max Resolution: 1280x720
Category: ☘️山西频道, Name: 万荣综合, Total: 1, Valid: 1, Valid Percent: 100.00%, Whitelist: 0, IPv4: 1, IPv6: 0, Min Delay: 6873 ms, Max Speed: 0.26 M/s, Avg Speed: 0.26 M/s, Max Resolution: 720x404
Category: ☘️山西频道, Name: 五台综合, Total: 1, Valid: 1, Valid Percent: 100.00%, Whitelist: 0, IPv4: 0, IPv6: 1, Min Delay: 0.1 ms, Max Speed: 0.00 M/s, Avg Speed: 0.00 M/s, Max Resolution: 1920x1080
Category: ☘️山西频道, Name: 古县综合, Total: 1, Valid: 1, Valid Percent: 100.00%, Whitelist: 0, IPv4: 0, IPv6: 1, Min Delay: 0.1 ms, Max Speed: 0.00 M/s, Avg Speed: 0.00 M/s, Max Resolution: 1920x1080
Category: ☘️山西频道, Name: 大宁综合, Total: 1, Valid: 1, Valid Percent: 100.00%, Whitelist: 0, IPv4: 1, IPv6: 0, Min Delay: 1254 ms, Max Speed: 0.06 M/s, Avg Speed: 0.06 M/s, Max Resolution: None
Category: ☘️山西频道, Name: 太谷新闻综合, Total: 2, Valid: 2, Valid Percent: 100.00%, Whitelist: 0, IPv4: 2, IPv6: 0, Min Delay: 1732 ms, Max Speed: 0.98 M/s, Avg Speed: 0.73 M/s, Max Resolution: 1920x1080
Category: ☘️山西频道, Name: 定襄综合, Total: 1, Valid: 1, Valid Percent: 100.00%, Whitelist: 0, IPv4: 0, IPv6: 1, Min Delay: 0.1 ms, Max Speed: 0.00 M/s, Avg Speed: 0.00 M/s, Max Resolution: 1920x1080
Category: ☘️山西频道, Name: 山西影视, Total: 2, Valid: 2, Valid Percent: 100.00%, Whitelist: 0, IPv4: 0, IPv6: 2, Min Delay: 0.1 ms, Max Speed: 0.00 M/s, Avg Speed: 0.00 M/s, Max Resolution: 1920x1080
Category: ☘️山西频道, Name: 山西文体生活, Total: 3, Valid: 3, Valid Percent: 100.00%, Whitelist: 0, IPv4: 0, IPv6: 3, Min Delay: 0.1 ms, Max Speed: 0.00 M/s, Avg Speed: 0.00 M/s, Max Resolution: 1920x1080
Category: ☘️山西频道, Name: 山西社会与法治, Total: 3, Valid: 3, Valid Percent: 100.00%, Whitelist: 0, IPv4: 0, IPv6: 3, Min Delay: 0.1 ms, Max Speed: 0.00 M/s, Avg Speed: 0.00 M/s, Max Resolution: 1920x1080
Category: ☘️山西频道, Name: 山西经济, Total: 2, Valid: 2, Valid Percent: 100.00%, Whitelist: 0, IPv4: 0, IPv6: 2, Min Delay: 0.1 ms, Max Speed: 0.00 M/s, Avg Speed: 0.00 M/s, Max Resolution: 1920x1080
Category: ☘️山西频道, Name: 平遥新闻综合, Total: 1, Valid: 1, Valid Percent: 100.00%, Whitelist: 0, IPv4: 0, IPv6: 1, Min Delay: 0.1 ms, Max Speed: 0.00 M/s, Avg Speed: 0.00 M/s, Max Resolution: 1920x1080
Category: ☘️山西频道, Name: 怀仁综合, Total: 2, Valid: 2, Valid Percent: 100.00%, Whitelist: 0, IPv4: 0, IPv6: 2, Min Delay: 0.1 ms, Max Speed: 0.00 M/s, Avg Speed: 0.00 M/s, Max Resolution: 1920x1080
Category: ☘️山西频道, Name: 武乡新闻综合, Total: 5, Valid: 5, Valid Percent: 100.00%, Whitelist: 0, IPv4: 0, IPv6: 5, Min Delay: 0.1 ms, Max Speed: 0.00 M/s, Avg Speed: 0.00 M/s, Max Resolution: 1920x1080
Category: ☘️山西频道, Name: 汾西综合, Total: 1, Valid: 1, Valid Percent: 100.00%, Whitelist: 0, IPv4: 0, IPv6: 1, Min Delay: 0.1 ms, Max Speed: 0.00 M/s, Avg Speed: 0.00 M/s, Max Resolution: 1920x1080
Category: ☘️山西频道, Name: 祁县新闻综合, Total: 1, Valid: 1, Valid Percent: 100.00%, Whitelist: 0, IPv4: 0, IPv6: 1, Min Delay: 0.1 ms, Max Speed: 0.00 M/s, Avg Speed: 0.00 M/s, Max Resolution: 1920x1080
Category: ☘️山西频道, Name: 运城科技教育, Total: 2, Valid: 2, Valid Percent: 100.00%, Whitelist: 0, IPv4: 0, IPv6: 2, Min Delay: 0.1 ms, Max Speed: 0.00 M/s, Avg Speed: 0.00 M/s, Max Resolution: 1920x1080
Category: ☘️山西频道, Name: 长子综合, Total: 2, Valid: 1, Valid Percent: 50.00%, Whitelist: 0, IPv4: 1, IPv6: 1, Min Delay: 10609 ms, Max Speed: 0.62 M/s, Avg Speed: 0.62 M/s, Max Resolution: 720x576
Category: ☘️山西频道, Name: 阳曲综合, Total: 1, Valid: 1, Valid Percent: 100.00%, Whitelist: 0, IPv4: 0, IPv6: 1, Min Delay: 0.1 ms, Max Speed: 0.00 M/s, Avg Speed: 0.00 M/s, Max Resolution: 1920x1080
Category: ☘️山西频道, Name: 黎城综合, Total: 2, Valid: 2, Valid Percent: 100.00%, Whitelist: 0, IPv4: 2, IPv6: 0, Min Delay: 2037 ms, Max Speed: 1.29 M/s, Avg Speed: 1.29 M/s, Max Resolution: 1920x1080
Category: ☘️安徽频道, Name: 安徽国际, Total: 2, Valid: 0, Valid Percent: 0.00%, Whitelist: 0, IPv4: 0, IPv6: 2, Min Delay: -1 ms, Max Speed: 0.00 M/s, Avg Speed: 0.00 M/s, Max Resolution: None
Category: ☘️安徽频道, Name: 安徽影视, Total: 6, Valid: 0, Valid Percent: 0.00%, Whitelist: 0, IPv4: 1, IPv6: 5, Min Delay: 517 ms, Max Speed: 0.00 M/s, Avg Speed: 0.00 M/s, Max Resolution: 1920x1080
Category: ☘️安徽频道, Name: 安徽经济生活, Total: 4, Valid: 4, Valid Percent: 100.00%, Whitelist: 0, IPv4: 0, IPv6: 4, Min Delay: 0.1 ms, Max Speed: 0.00 M/s, Avg Speed: 0.00 M/s, Max Resolution: 1920x1080
Category: ☘️安徽频道, Name: 安徽综艺体育, Total: 5, Valid: 4, Valid Percent: 80.00%, Whitelist: 0, IPv4: 0, IPv6: 5, Min Delay: 0.1 ms, Max Speed: 0.00 M/s, Avg Speed: 0.00 M/s, Max Resolution: 1920x1080
Category: ☘️安徽频道, Name: 安徽导视, Total: 1, Valid: 0, Valid Percent: 0.00%, Whitelist: 0, IPv4: 0, IPv6: 1, Min Delay: -1 ms, Max Speed: 0.00 M/s, Avg Speed: 0.00 M/s, Max Resolution: None
Category: ☘️安徽频道, Name: 合肥新闻, Total: 1, Valid: 1, Valid Percent: 100.00%, Whitelist: 0, IPv4: 1, IPv6: 0, Min Delay: 10426 ms, Max Speed: 0.11 M/s, Avg Speed: 0.11 M/s, Max Resolution: 720x576
Category: ☘️安徽频道, Name: 固镇新闻, Total: 2, Valid: 2, Valid Percent: 100.00%, Whitelist: 0, IPv4: 2, IPv6: 0, Min Delay: 4296 ms, Max Speed: 0.23 M/s, Avg Speed: 0.19 M/s, Max Resolution: 1920x1080
Category: ☘️安徽频道, Name: 黄山新闻综合, Total: 2, Valid: 1, Valid Percent: 50.00%, Whitelist: 0, IPv4: 0, IPv6: 2, Min Delay: 0.1 ms, Max Speed: 0.00 M/s, Avg Speed: 0.00 M/s, Max Resolution: 1920x1080
Category: ☘️安徽频道, Name: 黄山公共生活, Total: 1, Valid: 1, Valid Percent: 100.00%, Whitelist: 0, IPv4: 0, IPv6: 1, Min Delay: 0.1 ms, Max Speed: 0.00 M/s, Avg Speed: 0.00 M/s, Max Resolution: 1920x1080
Category: ☘️安徽频道, Name: 铜陵新闻综合, Total: 1, Valid: 1, Valid Percent: 100.00%, Whitelist: 0, IPv4: 0, IPv6: 1, Min Delay: 0.1 ms, Max Speed: 0.00 M/s, Avg Speed: 0.00 M/s, Max Resolution: 1920x1080
Category: ☘️安徽频道, Name: 祁门综合, Total: 5, Valid: 1, Valid Percent: 20.00%, Whitelist: 0, IPv4: 3, IPv6: 2, Min Delay: 0.1 ms, Max Speed: 0.00 M/s, Avg Speed: 0.00 M/s, Max Resolution: 1920x1080
Category: ☘️安徽频道, Name: 灵璧综合, Total: 2, Valid: 2, Valid Percent: 100.00%, Whitelist: 0, IPv4: 2, IPv6: 0, Min Delay: 3799 ms, Max Speed: 0.20 M/s, Avg Speed: 0.17 M/s, Max Resolution: 640x480
Category: ☘️安徽频道, Name: 滁州科教, Total: 3, Valid: 2, Valid Percent: 66.67%, Whitelist: 0, IPv4: 0, IPv6: 3, Min Delay: 0.1 ms, Max Speed: 0.00 M/s, Avg Speed: 0.00 M/s, Max Resolution: 1920x1080
Category: ☘️安徽频道, Name: 滁州新闻综合, Total: 2, Valid: 1, Valid Percent: 50.00%, Whitelist: 0, IPv4: 0, IPv6: 2, Min Delay: 0.1 ms, Max Speed: 0.00 M/s, Avg Speed: 0.00 M/s, Max Resolution: 1920x1080
Category: ☘️安徽频道, Name: 滁州市广播电视台 新闻综合, Total: 1, Valid: 1, Valid Percent: 100.00%, Whitelist: 0, IPv4: 0, IPv6: 1, Min Delay: 0.1 ms, Max Speed: 0.00 M/s, Avg Speed: 0.00 M/s, Max Resolution: 1920x1080
Category: ☘️安徽频道, Name: 滁州市广播电视台 公共, Total: 1, Valid: 0, Valid Percent: 0.00%, Whitelist: 0, IPv4: 0, IPv6: 1, Min Delay: -1 ms, Max Speed: 0.00 M/s, Avg Speed: 0.00 M/s, Max Resolution: None
Category: ☘️安徽频道, Name: 滁州公共, Total: 2, Valid: 1, Valid Percent: 50.00%, Whitelist: 0, IPv4: 0, IPv6: 2, Min Delay: 0.1 ms, Max Speed: 0.00 M/s, Avg Speed: 0.00 M/s, Max Resolution: 1920x1080
Category: ☘️安徽频道, Name: 涡阳新闻综合, Total: 1, Valid: 1, Valid Percent: 100.00%, Whitelist: 0, IPv4: 1, IPv6: 0, Min Delay: 4520 ms, Max Speed: 0.17 M/s, Avg Speed: 0.17 M/s, Max Resolution: 544x480
Category: ☘️安徽频道, Name: 宿松新闻综合, Total: 1, Valid: 0, Valid Percent: 0.00%, Whitelist: 0, IPv4: 0, IPv6: 1, Min Delay: -1 ms, Max Speed: 0.00 M/s, Avg Speed: 0.00 M/s, Max Resolution: None
Category: ☘️安徽频道, Name: 宿州科教, Total: 1, Valid: 1, Valid Percent: 100.00%, Whitelist: 0, IPv4: 0, IPv6: 1, Min Delay: 0.1 ms, Max Speed: 0.00 M/s, Avg Speed: 0.00 M/s, Max Resolution: 1920x1080
Category: ☘️安徽频道, Name: 宿州新闻综合, Total: 4, Valid: 0, Valid Percent: 0.00%, Whitelist: 0, IPv4: 0, IPv6: 4, Min Delay: -1 ms, Max Speed: 0.00 M/s, Avg Speed: 0.00 M/s, Max Resolution: None
Category: ☘️安徽频道, Name: 宿州公共, Total: 1, Valid: 1, Valid Percent: 100.00%, Whitelist: 0, IPv4: 0, IPv6: 1, Min Delay: 0.1 ms, Max Speed: 0.00 M/s, Avg Speed: 0.00 M/s, Max Resolution: 1920x1080
Category: ☘️安徽频道, Name: 六安新闻综合, Total: 1, Valid: 1, Valid Percent: 100.00%, Whitelist: 0, IPv4: 0, IPv6: 1, Min Delay: 0.1 ms, Max Speed: 0.00 M/s, Avg Speed: 0.00 M/s, Max Resolution: 1920x1080
Category: ☘️安徽频道, Name: 六安公共, Total: 1, Valid: 1, Valid Percent: 100.00%, Whitelist: 0, IPv4: 0, IPv6: 1, Min Delay: 0.1 ms, Max Speed: 0.00 M/s, Avg Speed: 0.00 M/s, Max Resolution: 1920x1080
Category: ☘️安徽频道, Name: 亳州新闻, Total: 1, Valid: 1, Valid Percent: 100.00%, Whitelist: 0, IPv4: 1, IPv6: 0, Min Delay: 33 ms, Max Speed: 20.47 M/s, Avg Speed: 20.47 M/s, Max Resolution: 1920x1080
Category: ☘️安徽频道, Name: 亳州农村, Total: 2, Valid: 1, Valid Percent: 50.00%, Whitelist: 0, IPv4: 1, IPv6: 1, Min Delay: 19 ms, Max Speed: 35.18 M/s, Avg Speed: 35.18 M/s, Max Resolution: 1920x1080
Category: ☘️宁夏频道, Name: 宁夏经济, Total: 1, Valid: 1, Valid Percent: 100.00%, Whitelist: 0, IPv4: 0, IPv6: 1, Min Delay: 0.1 ms, Max Speed: 0.00 M/s, Avg Speed: 0.00 M/s, Max Resolution: 1920x1080
Category: ☘️宁夏频道, Name: 银川生活, Total: 1, Valid: 1, Valid Percent: 100.00%, Whitelist: 0, IPv4: 0, IPv6: 1, Min Delay: 0.1 ms, Max Speed: 0.00 M/s, Avg Speed: 0.00 M/s, Max Resolution: 1920x1080
Category: ☘️宁夏频道, Name: 银川公共, Total: 1, Valid: 1, Valid Percent: 100.00%, Whitelist: 0, IPv4: 0, IPv6: 1, Min Delay: 0.1 ms, Max Speed: 0.00 M/s, Avg Speed: 0.00 M/s, Max Resolution: 1920x1080
Category: ☘️宁夏频道, Name: 银川文体, Total: 1, Valid: 1, Valid Percent: 100.00%, Whitelist: 0, IPv4: 0, IPv6: 1, Min Delay: 0.1 ms, Max Speed: 0.00 M/s, Avg Speed: 0.00 M/s, Max Resolution: 1920x1080
Category: ☘️宁夏频道, Name: 吴忠综合, Total: 2, Valid: 2, Valid Percent: 100.00%, Whitelist: 0, IPv4: 2, IPv6: 0, Min Delay: 1130 ms, Max Speed: 0.07 M/s, Avg Speed: 0.07 M/s, Max Resolution: 1280x720
Category: ☘️宁夏频道, Name: 吴忠公共, Total: 2, Valid: 2, Valid Percent: 100.00%, Whitelist: 0, IPv4: 2, IPv6: 0, Min Delay: 1149 ms, Max Speed: 0.07 M/s, Avg Speed: 0.07 M/s, Max Resolution: 320x240
Category: ☘️吉林频道, Name: 延边卫视, Total: 8, Valid: 5, Valid Percent: 62.50%, Whitelist: 0, IPv4: 0, IPv6: 8, Min Delay: 0.1 ms, Max Speed: 0.00 M/s, Avg Speed: 0.00 M/s, Max Resolution: 1920x1080
Category: ☘️吉林频道, Name: 吉林都市, Total: 2, Valid: 2, Valid Percent: 100.00%, Whitelist: 0, IPv4: 0, IPv6: 2, Min Delay: 0.1 ms, Max Speed: 0.00 M/s, Avg Speed: 0.00 M/s, Max Resolution: 1920x1080
Category: ☘️吉林频道, Name: 吉林生活, Total: 2, Valid: 2, Valid Percent: 100.00%, Whitelist: 0, IPv4: 0, IPv6: 2, Min Delay: 0.1 ms, Max Speed: 0.00 M/s, Avg Speed: 0.00 M/s, Max Resolution: 1920x1080
Category: ☘️吉林频道, Name: 吉林乡村, Total: 3, Valid: 3, Valid Percent: 100.00%, Whitelist: 0, IPv4: 0, IPv6: 3, Min Delay: 0.1 ms, Max Speed: 0.00 M/s, Avg Speed: 0.00 M/s, Max Resolution: 1920x1080
Category: ☘️吉林频道, Name: 延边-2, Total: 2, Valid: 2, Valid Percent: 100.00%, Whitelist: 0, IPv4: 2, IPv6: 0, Min Delay: 819 ms, Max Speed: 0.14 M/s, Avg Speed: 0.12 M/s, Max Resolution: 720x576
Category: ☘️吉林频道, Name: 长白山电视台, Total: 1, Valid: 1, Valid Percent: 100.00%, Whitelist: 0, IPv4: 1, IPv6: 0, Min Delay: 843 ms, Max Speed: 0.10 M/s, Avg Speed: 0.10 M/s, Max Resolution: 320x240
Category: ☘️吉林频道, Name: 德惠综合, Total: 2, Valid: 2, Valid Percent: 100.00%, Whitelist: 0, IPv4: 2, IPv6: 0, Min Delay: 1347 ms, Max Speed: 0.30 M/s, Avg Speed: 0.29 M/s, Max Resolution: 720x576
Category: ☘️吉林频道, Name: 九台综合, Total: 3, Valid: 3, Valid Percent: 100.00%, Whitelist: 0, IPv4: 3, IPv6: 0, Min Delay: 1167 ms, Max Speed: 0.23 M/s, Avg Speed: 0.22 M/s, Max Resolution: 720x576
Category: ☘️吉林频道, Name: 长白朝语, Total: 1, Valid: 1, Valid Percent: 100.00%, Whitelist: 0, IPv4: 0, IPv6: 1, Min Delay: 0.1 ms, Max Speed: 0.00 M/s, Avg Speed: 0.00 M/s, Max Resolution: 1920x1080
Category: ☘️吉林频道, Name: 靖宇综合, Total: 1, Valid: 1, Valid Percent: 100.00%, Whitelist: 0, IPv4: 1, IPv6: 0, Min Delay: 638 ms, Max Speed: 0.06 M/s, Avg Speed: 0.06 M/s, Max Resolution: None
Category: ☘️吉林频道, Name: 敦化一套, Total: 2, Valid: 2, Valid Percent: 100.00%, Whitelist: 0, IPv4: 2, IPv6: 0, Min Delay: 880 ms, Max Speed: 0.13 M/s, Avg Speed: 0.13 M/s, Max Resolution: 720x576
Category: ☘️吉林频道, Name: 珲春新闻综合, Total: 1, Valid: 1, Valid Percent: 100.00%, Whitelist: 0, IPv4: 0, IPv6: 1, Min Delay: 0.1 ms, Max Speed: 0.00 M/s, Avg Speed: 0.00 M/s, Max Resolution: 1920x1080
Category: ☘️吉林频道, Name: 龙井综合, Total: 1, Valid: 1, Valid Percent: 100.00%, Whitelist: 0, IPv4: 1, IPv6: 0, Min Delay: 630 ms, Max Speed: 0.06 M/s, Avg Speed: 0.06 M/s, Max Resolution: None
Category: ☘️吉林频道, Name: 梅河口综合, Total: 1, Valid: 1, Valid Percent: 100.00%, Whitelist: 0, IPv4: 1, IPv6: 0, Min Delay: 590 ms, Max Speed: 0.06 M/s, Avg Speed: 0.06 M/s, Max Resolution: None
Category: ☘️吉林频道, Name: 桦甸综合, Total: 1, Valid: 1, Valid Percent: 100.00%, Whitelist: 0, IPv4: 1, IPv6: 0, Min Delay: 888 ms, Max Speed: 0.05 M/s, Avg Speed: 0.05 M/s, Max Resolution: None
Category: ☘️吉林频道, Name: 磐石综合, Total: 1, Valid: 1, Valid Percent: 100.00%, Whitelist: 0, IPv4: 1, IPv6: 0, Min Delay: 1031 ms, Max Speed: 0.05 M/s, Avg Speed: 0.05 M/s, Max Resolution: None
Category: ☘️吉林频道, Name: 舒兰新闻综合, Total: 2, Valid: 2, Valid Percent: 100.00%, Whitelist: 0, IPv4: 2, IPv6: 0, Min Delay: 1007 ms, Max Speed: 0.09 M/s, Avg Speed: 0.09 M/s, Max Resolution: 320x240
Category: ☘️吉林频道, Name: 东丰综合, Total: 1, Valid: 1, Valid Percent: 100.00%, Whitelist: 0, IPv4: 1, IPv6: 0, Min Delay: 788 ms, Max Speed: 0.06 M/s, Avg Speed: 0.06 M/s, Max Resolution: None
Category: ☘️吉林频道, Name: 双辽综合, Total: 1, Valid: 1, Valid Percent: 100.00%, Whitelist: 0, IPv4: 1, IPv6: 0, Min Delay: 893 ms, Max Speed: 0.05 M/s, Avg Speed: 0.05 M/s, Max Resolution: None
Category: ☘️吉林频道, Name: 辉南新闻综合, Total: 3, Valid: 3, Valid Percent: 100.00%, Whitelist: 0, IPv4: 3, IPv6: 0, Min Delay: 1663 ms, Max Speed: 0.49 M/s, Avg Speed: 0.45 M/s, Max Resolution: 720x576
Category: ☘️吉林频道, Name: 柳河综合, Total: 1, Valid: 1, Valid Percent: 100.00%, Whitelist: 0, IPv4: 1, IPv6: 0, Min Delay: 786 ms, Max Speed: 0.06 M/s, Avg Speed: 0.06 M/s, Max Resolution: None
Category: ☘️吉林频道, Name: 通化县综合, Total: 1, Valid: 1, Valid Percent: 100.00%, Whitelist: 0, IPv4: 1, IPv6: 0, Min Delay: 586 ms, Max Speed: 0.05 M/s, Avg Speed: 0.05 M/s, Max Resolution: None
Category: ☘️吉林频道, Name: 汪清综合, Total: 3, Valid: 3, Valid Percent: 100.00%, Whitelist: 0, IPv4: 3, IPv6: 0, Min Delay: 827 ms, Max Speed: 0.10 M/s, Avg Speed: 0.10 M/s, Max Resolution: 720x576
Category: ☘️内蒙古频道, Name: 内蒙经济, Total: 1, Valid: 1, Valid Percent: 100.00%, Whitelist: 0, IPv4: 0, IPv6: 1, Min Delay: 0.1 ms, Max Speed: 0.00 M/s, Avg Speed: 0.00 M/s, Max Resolution: 1920x1080
Category: ☘️内蒙古频道, Name: 内蒙古经济生活, Total: 1, Valid: 1, Valid Percent: 100.00%, Whitelist: 0, IPv4: 0, IPv6: 1, Min Delay: 0.1 ms, Max Speed: 0.00 M/s, Avg Speed: 0.00 M/s, Max Resolution: 1920x1080
Category: ☘️云南频道, Name: 文山州公共, Total: 2, Valid: 1, Valid Percent: 50.00%, Whitelist: 0, IPv4: 0, IPv6: 2, Min Delay: 0.1 ms, Max Speed: 0.00 M/s, Avg Speed: 0.00 M/s, Max Resolution: 1920x1080
Category: ☘️云南频道, Name: 文山州新闻综合, Total: 1, Valid: 1, Valid Percent: 100.00%, Whitelist: 0, IPv4: 0, IPv6: 1, Min Delay: 0.1 ms, Max Speed: 0.00 M/s, Avg Speed: 0.00 M/s, Max Resolution: 1920x1080
Category: ☘️云南频道, Name: 昆明公共, Total: 1, Valid: 1, Valid Percent: 100.00%, Whitelist: 0, IPv4: 0, IPv6: 1, Min Delay: 0.1 ms, Max Speed: 0.00 M/s, Avg Speed: 0.00 M/s, Max Resolution: 1920x1080
Category: ☘️云南频道, Name: 昆明科学教育, Total: 1, Valid: 1, Valid Percent: 100.00%, Whitelist: 0, IPv4: 0, IPv6: 1, Min Delay: 0.1 ms, Max Speed: 0.00 M/s, Avg Speed: 0.00 M/s, Max Resolution: 1920x1080
Category: ☘️云南频道, Name: 易门综合, Total: 1, Valid: 1, Valid Percent: 100.00%, Whitelist: 0, IPv4: 1, IPv6: 0, Min Delay: 2103 ms, Max Speed: 0.50 M/s, Avg Speed: 0.50 M/s, Max Resolution: 1920x1080
Category: ☘️云南频道, Name: 石屏综合, Total: 1, Valid: 1, Valid Percent: 100.00%, Whitelist: 0, IPv4: 1, IPv6: 0, Min Delay: 358 ms, Max Speed: 0.04 M/s, Avg Speed: 0.04 M/s, Max Resolution: None
Category: ☘️云南频道, Name: 通海电视台, Total: 1, Valid: 1, Valid Percent: 100.00%, Whitelist: 0, IPv4: 1, IPv6: 0, Min Delay: 1995 ms, Max Speed: 0.78 M/s, Avg Speed: 0.78 M/s, Max Resolution: 1920x1080
Category: ☘️云南频道, Name: 金平综合, Total: 1, Valid: 1, Valid Percent: 100.00%, Whitelist: 0, IPv4: 1, IPv6: 0, Min Delay: 310 ms, Max Speed: 0.05 M/s, Avg Speed: 0.05 M/s, Max Resolution: None
Category: ☘️云南频道, Name: 陇川综合, Total: 1, Valid: 1, Valid Percent: 100.00%, Whitelist: 0, IPv4: 1, IPv6: 0, Min Delay: 2222 ms, Max Speed: 1.13 M/s, Avg Speed: 1.13 M/s, Max Resolution: 1920x1080
Category: ☘️云南频道, Name: 麻栗坡电视台, Total: 1, Valid: 1, Valid Percent: 100.00%, Whitelist: 0, IPv4: 1, IPv6: 0, Min Delay: 2436 ms, Max Speed: 0.20 M/s, Avg Speed: 0.20 M/s, Max Resolution: 1920x1080
Category: ☘️云南频道, Name: 云南都市, Total: 1, Valid: 1, Valid Percent: 100.00%, Whitelist: 0, IPv4: 1, IPv6: 0, Min Delay: 1867 ms, Max Speed: 0.24 M/s, Avg Speed: 0.24 M/s, Max Resolution: 1280x720
Category: ☘️云南频道, Name: 云南娱乐, Total: 1, Valid: 1, Valid Percent: 100.00%, Whitelist: 0, IPv4: 1, IPv6: 0, Min Delay: 2915 ms, Max Speed: 0.24 M/s, Avg Speed: 0.24 M/s, Max Resolution: 1280x720
Category: ☘️青海频道, Name: 安多卫视, Total: 7, Valid: 5, Valid Percent: 71.43%, Whitelist: 0, IPv4: 0, IPv6: 7, Min Delay: 0.1 ms, Max Speed: 0.00 M/s, Avg Speed: 0.00 M/s, Max Resolution: 1920x1080
Category: ☘️青海频道, Name: 西宁新闻综合, Total: 10, Valid: 7, Valid Percent: 70.00%, Whitelist: 0, IPv4: 0, IPv6: 10, Min Delay: 0.1 ms, Max Speed: 0.00 M/s, Avg Speed: 0.00 M/s, Max Resolution: 1920x1080
Category: ☘️青海频道, Name: 西宁生活服务, Total: 7, Valid: 5, Valid Percent: 71.43%, Whitelist: 0, IPv4: 0, IPv6: 7, Min Delay: 0.1 ms, Max Speed: 0.00 M/s, Avg Speed: 0.00 M/s, Max Resolution: 1920x1080
Category: ☘️青海频道, Name: 青海都市, Total: 2, Valid: 0, Valid Percent: 0.00%, Whitelist: 0, IPv4: 0, IPv6: 2, Min Delay: -1 ms, Max Speed: 0.00 M/s, Avg Speed: 0.00 M/s, Max Resolution: None
Category: ☘️青海频道, Name: 青海综合, Total: 1, Valid: 1, Valid Percent: 100.00%, Whitelist: 0, IPv4: 0, IPv6: 1, Min Delay: 0.1 ms, Max Speed: 0.00 M/s, Avg Speed: 0.00 M/s, Max Resolution: 1920x1080
Category: ☘️黑龙江频道, Name: 黑龙江文体, Total: 10, Valid: 9, Valid Percent: 90.00%, Whitelist: 0, IPv4: 0, IPv6: 10, Min Delay: 0.1 ms, Max Speed: 0.00 M/s, Avg Speed: 0.00 M/s, Max Resolution: 1920x1080
Category: ☘️黑龙江频道, Name: 黑龙江新闻法治, Total: 12, Valid: 11, Valid Percent: 91.67%, Whitelist: 0, IPv4: 0, IPv6: 12, Min Delay: 0.1 ms, Max Speed: 0.00 M/s, Avg Speed: 0.00 M/s, Max Resolution: 1920x1080
Category: ☘️黑龙江频道, Name: 黑龙江影视, Total: 9, Valid: 8, Valid Percent: 88.89%, Whitelist: 0, IPv4: 0, IPv6: 9, Min Delay: 0.1 ms, Max Speed: 0.00 M/s, Avg Speed: 0.00 M/s, Max Resolution: 1920x1080
Category: ☘️黑龙江频道, Name: 黑龙江都市, Total: 12, Valid: 10, Valid Percent: 83.33%, Whitelist: 0, IPv4: 0, IPv6: 12, Min Delay: 0.1 ms, Max Speed: 0.00 M/s, Avg Speed: 0.00 M/s, Max Resolution: 1920x1080
Category: ☘️黑龙江频道, Name: 黑龙江少儿, Total: 9, Valid: 8, Valid Percent: 88.89%, Whitelist: 0, IPv4: 0, IPv6: 9, Min Delay: 0.1 ms, Max Speed: 0.00 M/s, Avg Speed: 0.00 M/s, Max Resolution: 1920x1080
Category: ☘️黑龙江频道, Name: 黑龙江新闻, Total: 3, Valid: 1, Valid Percent: 33.33%, Whitelist: 0, IPv4: 0, IPv6: 3, Min Delay: 0.1 ms, Max Speed: 0.00 M/s, Avg Speed: 0.00 M/s, Max Resolution: 1920x1080
Category: ☘️黑龙江频道, Name: 哈尔滨新闻综合, Total: 3, Valid: 3, Valid Percent: 100.00%, Whitelist: 0, IPv4: 0, IPv6: 3, Min Delay: 0.1 ms, Max Speed: 0.00 M/s, Avg Speed: 0.00 M/s, Max Resolution: 1920x1080
Category: ☘️黑龙江频道, Name: 哈尔滨影视, Total: 6, Valid: 5, Valid Percent: 83.33%, Whitelist: 0, IPv4: 6, IPv6: 0, Min Delay: 222 ms, Max Speed: 0.24 M/s, Avg Speed: 0.15 M/s, Max Resolution: 720x576
Category: ☘️黑龙江频道, Name: 哈尔滨资讯, Total: 1, Valid: 1, Valid Percent: 100.00%, Whitelist: 0, IPv4: 1, IPv6: 0, Min Delay: 10645 ms, Max Speed: 0.00 M/s, Avg Speed: 0.00 M/s, Max Resolution: None
Category: ☘️黑龙江频道, Name: 哈尔滨娱乐, Total: 4, Valid: 4, Valid Percent: 100.00%, Whitelist: 0, IPv4: 4, IPv6: 0, Min Delay: 1338 ms, Max Speed: 0.02 M/s, Avg Speed: 0.01 M/s, Max Resolution: 640x480
Category: ☘️黑龙江频道, Name: 大庆新闻综合, Total: 1, Valid: 1, Valid Percent: 100.00%, Whitelist: 0, IPv4: 0, IPv6: 1, Min Delay: 0.1 ms, Max Speed: 0.00 M/s, Avg Speed: 0.00 M/s, Max Resolution: 1920x1080
Category: ☘️黑龙江频道, Name: 鹤岗新闻综合, Total: 4, Valid: 3, Valid Percent: 75.00%, Whitelist: 0, IPv4: 0, IPv6: 4, Min Delay: 0.1 ms, Max Speed: 0.00 M/s, Avg Speed: 0.00 M/s, Max Resolution: 1920x1080
Category: ☘️黑龙江频道, Name: 七台河新闻综合, Total: 1, Valid: 1, Valid Percent: 100.00%, Whitelist: 0, IPv4: 1, IPv6: 0, Min Delay: 2352 ms, Max Speed: 0.43 M/s, Avg Speed: 0.43 M/s, Max Resolution: 1280x720
Category: ☘️黑龙江频道, Name: 佳木斯新闻综合, Total: 1, Valid: 1, Valid Percent: 100.00%, Whitelist: 0, IPv4: 0, IPv6: 1, Min Delay: 0.1 ms, Max Speed: 0.00 M/s, Avg Speed: 0.00 M/s, Max Resolution: 1920x1080
Category: ☘️黑龙江频道, Name: 甘南县综合, Total: 2, Valid: 1, Valid Percent: 50.00%, Whitelist: 0, IPv4: 2, IPv6: 0, Min Delay: 1362 ms, Max Speed: 0.02 M/s, Avg Speed: 0.02 M/s, Max Resolution: 640x480
Category: ☘️黑龙江频道, Name: 齐齐哈尔新闻综合, Total: 3, Valid: 1, Valid Percent: 33.33%, Whitelist: 0, IPv4: 0, IPv6: 3, Min Delay: 0.1 ms, Max Speed: 0.00 M/s, Avg Speed: 0.00 M/s, Max Resolution: 1920x1080
Category: ☘️黑龙江频道, Name: 双鸭山综合, Total: 2, Valid: 1, Valid Percent: 50.00%, Whitelist: 0, IPv4: 2, IPv6: 0, Min Delay: 2186 ms, Max Speed: 0.43 M/s, Avg Speed: 0.43 M/s, Max Resolution: 1280x720
Category: 🌊港·澳·台, Name: 翡翠台, Total: 123, Valid: 18, Valid Percent: 14.63%, Whitelist: 0, IPv4: 1, IPv6: 122, Min Delay: 0.1 ms, Max Speed: 0.21 M/s, Avg Speed: 0.01 M/s, Max Resolution: 1920x1080
Category: 🌊港·澳·台, Name: 明珠台, Total: 58, Valid: 0, Valid Percent: 0.00%, Whitelist: 0, IPv4: 0, IPv6: 58, Min Delay: -1 ms, Max Speed: 0.00 M/s, Avg Speed: 0.00 M/s, Max Resolution: None
Category: 🌊港·澳·台, Name: 凤凰中文, Total: 75, Valid: 20, Valid Percent: 26.67%, Whitelist: 0, IPv4: 1, IPv6: 74, Min Delay: 0.1 ms, Max Speed: 0.13 M/s, Avg Speed: 0.01 M/s, Max Resolution: 1920x1080
Category: 🌊港·澳·台, Name: 凤凰资讯, Total: 85, Valid: 36, Valid Percent: 42.35%, Whitelist: 0, IPv4: 1, IPv6: 84, Min Delay: 0.1 ms, Max Speed: 0.21 M/s, Avg Speed: 0.01 M/s, Max Resolution: 1920x1080
Category: 🌊港·澳·台, Name: 凤凰香港, Total: 56, Valid: 15, Valid Percent: 26.79%, Whitelist: 0, IPv4: 0, IPv6: 56, Min Delay: 0.1 ms, Max Speed: 0.00 M/s, Avg Speed: 0.00 M/s, Max Resolution: 1920x1080
Category: 🌊港·澳·台, Name: 凤凰卫视, Total: 7, Valid: 4, Valid Percent: 57.14%, Whitelist: 0, IPv4: 0, IPv6: 7, Min Delay: 0.1 ms, Max Speed: 0.00 M/s, Avg Speed: 0.00 M/s, Max Resolution: 1920x1080
Category: 🌊港·澳·台, Name: TVBS亚洲, Total: 3, Valid: 2, Valid Percent: 66.67%, Whitelist: 0, IPv4: 1, IPv6: 2, Min Delay: 0.1 ms, Max Speed: 0.77 M/s, Avg Speed: 0.38 M/s, Max Resolution: 1920x1080
Category: 🌊港·澳·台, Name: 香港卫视, Total: 13, Valid: 5, Valid Percent: 38.46%, Whitelist: 0, IPv4: 0, IPv6: 13, Min Delay: 0.1 ms, Max Speed: 0.00 M/s, Avg Speed: 0.00 M/s, Max Resolution: 1920x1080
Category: 🌊港·澳·台, Name: 纬来体育, Total: 8, Valid: 5, Valid Percent: 62.50%, Whitelist: 0, IPv4: 0, IPv6: 8, Min Delay: 0.1 ms, Max Speed: 0.00 M/s, Avg Speed: 0.00 M/s, Max Resolution: 1920x1080
Category: 🌊港·澳·台, Name: 纬来育乐, Total: 17, Valid: 0, Valid Percent: 0.00%, Whitelist: 0, IPv4: 0, IPv6: 17, Min Delay: -1 ms, Max Speed: 0.00 M/s, Avg Speed: 0.00 M/s, Max Resolution: None
Category: 🌊港·澳·台, Name: J2, Total: 2, Valid: 1, Valid Percent: 50.00%, Whitelist: 0, IPv4: 0, IPv6: 2, Min Delay: 0.1 ms, Max Speed: 0.00 M/s, Avg Speed: 0.00 M/s, Max Resolution: 1920x1080
Category: 🌊港·澳·台, Name: Viutv, Total: 1, Valid: 1, Valid Percent: 100.00%, Whitelist: 0, IPv4: 0, IPv6: 1, Min Delay: 0.1 ms, Max Speed: 0.00 M/s, Avg Speed: 0.00 M/s, Max Resolution: 1920x1080
Category: 🌊港·澳·台, Name: 三立台湾, Total: 1, Valid: 1, Valid Percent: 100.00%, Whitelist: 0, IPv4: 0, IPv6: 1, Min Delay: 0.1 ms, Max Speed: 0.00 M/s, Avg Speed: 0.00 M/s, Max Resolution: 1920x1080
Category: 🌊港·澳·台, Name: 无线新闻, Total: 5, Valid: 5, Valid Percent: 100.00%, Whitelist: 0, IPv4: 0, IPv6: 5, Min Delay: 0.1 ms, Max Speed: 0.00 M/s, Avg Speed: 0.00 M/s, Max Resolution: 1920x1080
Category: 🌊港·澳·台, Name: 三立新闻, Total: 9, Valid: 5, Valid Percent: 55.56%, Whitelist: 0, IPv4: 0, IPv6: 9, Min Delay: 0.1 ms, Max Speed: 0.00 M/s, Avg Speed: 0.00 M/s, Max Resolution: 1920x1080
Category: 🌊港·澳·台, Name: 东森综合, Total: 2, Valid: 1, Valid Percent: 50.00%, Whitelist: 0, IPv4: 0, IPv6: 2, Min Delay: 0.1 ms, Max Speed: 0.00 M/s, Avg Speed: 0.00 M/s, Max Resolution: 1920x1080
Category: 🌊港·澳·台, Name: 东森超视, Total: 11, Valid: 6, Valid Percent: 54.55%, Whitelist: 0, IPv4: 1, IPv6: 10, Min Delay: 0.1 ms, Max Speed: 0.56 M/s, Avg Speed: 0.09 M/s, Max Resolution: 1920x1080
Category: 🌊港·澳·台, Name: 东森电影, Total: 6, Valid: 4, Valid Percent: 66.67%, Whitelist: 0, IPv4: 0, IPv6: 6, Min Delay: 0.1 ms, Max Speed: 0.00 M/s, Avg Speed: 0.00 M/s, Max Resolution: 1920x1080
Category: 🌊港·澳·台, Name: Now剧集, Total: 1, Valid: 0, Valid Percent: 0.00%, Whitelist: 0, IPv4: 0, IPv6: 1, Min Delay: -1 ms, Max Speed: 0.00 M/s, Avg Speed: 0.00 M/s, Max Resolution: None
Category: 🌊港·澳·台, Name: Now华剧, Total: 1, Valid: 1, Valid Percent: 100.00%, Whitelist: 0, IPv4: 1, IPv6: 0, Min Delay: 233 ms, Max Speed: 5.91 M/s, Avg Speed: 5.91 M/s, Max Resolution: 864x720
Category: 🌊港·澳·台, Name: 靖天资讯, Total: 23, Valid: 0, Valid Percent: 0.00%, Whitelist: 0, IPv4: 0, IPv6: 23, Min Delay: -1 ms, Max Speed: 0.00 M/s, Avg Speed: 0.00 M/s, Max Resolution: None
Category: 🎬电影频道, Name: CHC家庭影院, Total: 35, Valid: 11, Valid Percent: 31.43%, Whitelist: 0, IPv4: 2, IPv6: 33, Min Delay: 0.1 ms, Max Speed: 18.67 M/s, Avg Speed: 3.19 M/s, Max Resolution: 1920x1080
Category: 🎬电影频道, Name: CHC动作电影, Total: 37, Valid: 19, Valid Percent: 51.35%, Whitelist: 0, IPv4: 2, IPv6: 35, Min Delay: 0.1 ms, Max Speed: 19.33 M/s, Avg Speed: 1.96 M/s, Max Resolution: 1920x1080
Category: 🎬电影频道, Name: CHC高清电影, Total: 6, Valid: 3, Valid Percent: 50.00%, Whitelist: 0, IPv4: 6, IPv6: 0, Min Delay: 10004 ms, Max Speed: 0.24 M/s, Avg Speed: 0.14 M/s, Max Resolution: 1920x1080
Category: 🎬电影频道, Name: 淘剧场, Total: 5, Valid: 2, Valid Percent: 40.00%, Whitelist: 0, IPv4: 0, IPv6: 5, Min Delay: 0.1 ms, Max Speed: 0.00 M/s, Avg Speed: 0.00 M/s, Max Resolution: 1920x1080
Category: 🎬电影频道, Name: 淘娱乐, Total: 5, Valid: 2, Valid Percent: 40.00%, Whitelist: 0, IPv4: 0, IPv6: 5, Min Delay: 0.1 ms, Max Speed: 0.00 M/s, Avg Speed: 0.00 M/s, Max Resolution: 1920x1080
Category: 🎬电影频道, Name: 淘电影, Total: 17, Valid: 17, Valid Percent: 100.00%, Whitelist: 0, IPv4: 0, IPv6: 17, Min Delay: 0.1 ms, Max Speed: 0.00 M/s, Avg Speed: 0.00 M/s, Max Resolution: 1920x1080
Category: 🎬电影频道, Name: NewTV惊悚悬疑, Total: 9, Valid: 1, Valid Percent: 11.11%, Whitelist: 0, IPv4: 0, IPv6: 9, Min Delay: 0.1 ms, Max Speed: 0.00 M/s, Avg Speed: 0.00 M/s, Max Resolution: 1920x1080
Category: 🎬电影频道, Name: NewTV动作电影, Total: 3, Valid: 1, Valid Percent: 33.33%, Whitelist: 0, IPv4: 0, IPv6: 3, Min Delay: 0.1 ms, Max Speed: 0.00 M/s, Avg Speed: 0.00 M/s, Max Resolution: 1920x1080
Category: 🎬电影频道, Name: 黑莓电影, Total: 13, Valid: 9, Valid Percent: 69.23%, Whitelist: 0, IPv4: 0, IPv6: 13, Min Delay: 0.1 ms, Max Speed: 0.00 M/s, Avg Speed: 0.00 M/s, Max Resolution: 1920x1080
Category: 🎬电影频道, Name: 纬来电影, Total: 27, Valid: 1, Valid Percent: 3.70%, Whitelist: 0, IPv4: 1, IPv6: 26, Min Delay: 1972 ms, Max Speed: 1.52 M/s, Avg Speed: 1.52 M/s, Max Resolution: None
Category: 🎬电影频道, Name: 靖天映画, Total: 7, Valid: 0, Valid Percent: 0.00%, Whitelist: 0, IPv4: 0, IPv6: 7, Min Delay: -1 ms, Max Speed: 0.00 M/s, Avg Speed: 0.00 M/s, Max Resolution: None
Category: 🎬电影频道, Name: 靖天戏剧, Total: 23, Valid: 1, Valid Percent: 4.35%, Whitelist: 0, IPv4: 0, IPv6: 23, Min Delay: 0.1 ms, Max Speed: 0.00 M/s, Avg Speed: 0.00 M/s, Max Resolution: 1920x1080
Category: 🎬电影频道, Name: 经典电影, Total: 9, Valid: 6, Valid Percent: 66.67%, Whitelist: 0, IPv4: 0, IPv6: 9, Min Delay: 0.1 ms, Max Speed: 0.00 M/s, Avg Speed: 0.00 M/s, Max Resolution: 1920x1080
Category: 🎬电影频道, Name: IPTV经典电影, Total: 2, Valid: 2, Valid Percent: 100.00%, Whitelist: 0, IPv4: 2, IPv6: 0, Min Delay: 465 ms, Max Speed: 0.22 M/s, Avg Speed: 0.11 M/s, Max Resolution: 1920x1080
Category: 🎬电影频道, Name: 天映经典, Total: 32, Valid: 2, Valid Percent: 6.25%, Whitelist: 0, IPv4: 2, IPv6: 30, Min Delay: 128 ms, Max Speed: 0.61 M/s, Avg Speed: 0.46 M/s, Max Resolution: 1920x1080
Category: 🎬电影频道, Name: 无线星河, Total: 8, Valid: 1, Valid Percent: 12.50%, Whitelist: 0, IPv4: 0, IPv6: 8, Min Delay: 0.1 ms, Max Speed: 0.00 M/s, Avg Speed: 0.00 M/s, Max Resolution: 1920x1080
Category: 🎬电影频道, Name: 星空卫视, Total: 6, Valid: 1, Valid Percent: 16.67%, Whitelist: 0, IPv4: 0, IPv6: 6, Min Delay: 0.1 ms, Max Speed: 0.00 M/s, Avg Speed: 0.00 M/s, Max Resolution: 1920x1080
Category: 🎬电影频道, Name: 东森电影, Total: 6, Valid: 4, Valid Percent: 66.67%, Whitelist: 0, IPv4: 0, IPv6: 6, Min Delay: 0.1 ms, Max Speed: 0.00 M/s, Avg Speed: 0.00 M/s, Max Resolution: 1920x1080
Category: 🎬电影频道, Name: 龙祥电影, Total: 2, Valid: 0, Valid Percent: 0.00%, Whitelist: 0, IPv4: 0, IPv6: 2, Min Delay: -1 ms, Max Speed: 0.00 M/s, Avg Speed: 0.00 M/s, Max Resolution: None
Category: 🎬电影频道, Name: 东森洋片, Total: 20, Valid: 0, Valid Percent: 0.00%, Whitelist: 0, IPv4: 0, IPv6: 20, Min Delay: -1 ms, Max Speed: 0.00 M/s, Avg Speed: 0.00 M/s, Max Resolution: None
Category: 🎬电影频道, Name: 东森超视, Total: 10, Valid: 5, Valid Percent: 50.00%, Whitelist: 0, IPv4: 0, IPv6: 10, Min Delay: 0.1 ms, Max Speed: 0.00 M/s, Avg Speed: 0.00 M/s, Max Resolution: 1920x1080
Category: 🎥咪咕直播, Name: 咪咕直播2, Total: 1, Valid: 1, Valid Percent: 100.00%, Whitelist: 0, IPv4: 0, IPv6: 1, Min Delay: 0.1 ms, Max Speed: 0.00 M/s, Avg Speed: 0.00 M/s, Max Resolution: 1920x1080
Category: 🎥咪咕直播, Name: 咪咕直播3, Total: 1, Valid: 1, Valid Percent: 100.00%, Whitelist: 0, IPv4: 0, IPv6: 1, Min Delay: 0.1 ms, Max Speed: 0.00 M/s, Avg Speed: 0.00 M/s, Max Resolution: 1920x1080
Category: 🎥咪咕直播, Name: 咪咕直播4, Total: 1, Valid: 1, Valid Percent: 100.00%, Whitelist: 0, IPv4: 0, IPv6: 1, Min Delay: 0.1 ms, Max Speed: 0.00 M/s, Avg Speed: 0.00 M/s, Max Resolution: 1920x1080
Category: 🎥咪咕直播, Name: 咪咕直播5, Total: 1, Valid: 1, Valid Percent: 100.00%, Whitelist: 0, IPv4: 0, IPv6: 1, Min Delay: 0.1 ms, Max Speed: 0.00 M/s, Avg Speed: 0.00 M/s, Max Resolution: 1920x1080
Category: 🎥咪咕直播, Name: 咪咕直播6, Total: 1, Valid: 1, Valid Percent: 100.00%, Whitelist: 0, IPv4: 0, IPv6: 1, Min Delay: 0.1 ms, Max Speed: 0.00 M/s, Avg Speed: 0.00 M/s, Max Resolution: 1920x1080
Category: 🎥咪咕直播, Name: 咪咕直播7, Total: 1, Valid: 1, Valid Percent: 100.00%, Whitelist: 0, IPv4: 0, IPv6: 1, Min Delay: 0.1 ms, Max Speed: 0.00 M/s, Avg Speed: 0.00 M/s, Max Resolution: 1920x1080
Category: 🎥咪咕直播, Name: 咪咕直播8, Total: 1, Valid: 1, Valid Percent: 100.00%, Whitelist: 0, IPv4: 0, IPv6: 1, Min Delay: 0.1 ms, Max Speed: 0.00 M/s, Avg Speed: 0.00 M/s, Max Resolution: 1920x1080
Category: 🎥咪咕直播, Name: 咪咕直播9, Total: 1, Valid: 1, Valid Percent: 100.00%, Whitelist: 0, IPv4: 0, IPv6: 1, Min Delay: 0.1 ms, Max Speed: 0.00 M/s, Avg Speed: 0.00 M/s, Max Resolution: 1920x1080
Category: 🎥咪咕直播, Name: 咪咕直播10, Total: 1, Valid: 1, Valid Percent: 100.00%, Whitelist: 0, IPv4: 0, IPv6: 1, Min Delay: 0.1 ms, Max Speed: 0.00 M/s, Avg Speed: 0.00 M/s, Max Resolution: 1920x1080
Category: 🎥咪咕直播, Name: 咪咕直播11, Total: 1, Valid: 1, Valid Percent: 100.00%, Whitelist: 0, IPv4: 0, IPv6: 1, Min Delay: 0.1 ms, Max Speed: 0.00 M/s, Avg Speed: 0.00 M/s, Max Resolution: 1920x1080
Category: 🎥咪咕直播, Name: 咪咕直播12, Total: 1, Valid: 1, Valid Percent: 100.00%, Whitelist: 0, IPv4: 0, IPv6: 1, Min Delay: 0.1 ms, Max Speed: 0.00 M/s, Avg Speed: 0.00 M/s, Max Resolution: 1920x1080
Category: 🎥咪咕直播, Name: 咪咕直播13, Total: 1, Valid: 1, Valid Percent: 100.00%, Whitelist: 0, IPv4: 0, IPv6: 1, Min Delay: 0.1 ms, Max Speed: 0.00 M/s, Avg Speed: 0.00 M/s, Max Resolution: 1920x1080
Category: 🎥咪咕直播, Name: 咪咕直播14, Total: 1, Valid: 1, Valid Percent: 100.00%, Whitelist: 0, IPv4: 0, IPv6: 1, Min Delay: 0.1 ms, Max Speed: 0.00 M/s, Avg Speed: 0.00 M/s, Max Resolution: 1920x1080
Category: 🎥咪咕直播, Name: 咪咕直播15, Total: 1, Valid: 1, Valid Percent: 100.00%, Whitelist: 0, IPv4: 0, IPv6: 1, Min Delay: 0.1 ms, Max Speed: 0.00 M/s, Avg Speed: 0.00 M/s, Max Resolution: 1920x1080
Category: 🎥咪咕直播, Name: 咪咕直播16, Total: 1, Valid: 1, Valid Percent: 100.00%, Whitelist: 0, IPv4: 0, IPv6: 1, Min Delay: 0.1 ms, Max Speed: 0.00 M/s, Avg Speed: 0.00 M/s, Max Resolution: 1920x1080
Category: 🎥咪咕直播, Name: 咪咕直播17, Total: 1, Valid: 1, Valid Percent: 100.00%, Whitelist: 0, IPv4: 0, IPv6: 1, Min Delay: 0.1 ms, Max Speed: 0.00 M/s, Avg Speed: 0.00 M/s, Max Resolution: 1920x1080
Category: 🎥咪咕直播, Name: 咪咕直播18, Total: 1, Valid: 1, Valid Percent: 100.00%, Whitelist: 0, IPv4: 0, IPv6: 1, Min Delay: 0.1 ms, Max Speed: 0.00 M/s, Avg Speed: 0.00 M/s, Max Resolution: 1920x1080
Category: 🎥咪咕直播, Name: 咪咕直播19, Total: 1, Valid: 1, Valid Percent: 100.00%, Whitelist: 0, IPv4: 0, IPv6: 1, Min Delay: 0.1 ms, Max Speed: 0.00 M/s, Avg Speed: 0.00 M/s, Max Resolution: 1920x1080
Category: 🎥咪咕直播, Name: 咪咕直播20, Total: 1, Valid: 1, Valid Percent: 100.00%, Whitelist: 0, IPv4: 0, IPv6: 1, Min Delay: 0.1 ms, Max Speed: 0.00 M/s, Avg Speed: 0.00 M/s, Max Resolution: 1920x1080
Category: 🎥咪咕直播, Name: 咪咕直播21, Total: 1, Valid: 1, Valid Percent: 100.00%, Whitelist: 0, IPv4: 0, IPv6: 1, Min Delay: 0.1 ms, Max Speed: 0.00 M/s, Avg Speed: 0.00 M/s, Max Resolution: 1920x1080
Category: 🎥咪咕直播, Name: 咪咕直播22, Total: 1, Valid: 1, Valid Percent: 100.00%, Whitelist: 0, IPv4: 0, IPv6: 1, Min Delay: 0.1 ms, Max Speed: 0.00 M/s, Avg Speed: 0.00 M/s, Max Resolution: 1920x1080
Category: 🎥咪咕直播, Name: 咪咕直播23, Total: 1, Valid: 1, Valid Percent: 100.00%, Whitelist: 0, IPv4: 0, IPv6: 1, Min Delay: 0.1 ms, Max Speed: 0.00 M/s, Avg Speed: 0.00 M/s, Max Resolution: 1920x1080
Category: 🎥咪咕直播, Name: 咪咕直播24, Total: 1, Valid: 1, Valid Percent: 100.00%, Whitelist: 0, IPv4: 0, IPv6: 1, Min Delay: 0.1 ms, Max Speed: 0.00 M/s, Avg Speed: 0.00 M/s, Max Resolution: 1920x1080
Category: 🎥咪咕直播, Name: 咪咕直播25, Total: 1, Valid: 1, Valid Percent: 100.00%, Whitelist: 0, IPv4: 0, IPv6: 1, Min Delay: 0.1 ms, Max Speed: 0.00 M/s, Avg Speed: 0.00 M/s, Max Resolution: 1920x1080
Category: 🎥咪咕直播, Name: 咪咕直播26, Total: 1, Valid: 1, Valid Percent: 100.00%, Whitelist: 0, IPv4: 0, IPv6: 1, Min Delay: 0.1 ms, Max Speed: 0.00 M/s, Avg Speed: 0.00 M/s, Max Resolution: 1920x1080
Category: 🎥咪咕直播, Name: 咪咕直播27, Total: 1, Valid: 1, Valid Percent: 100.00%, Whitelist: 0, IPv4: 0, IPv6: 1, Min Delay: 0.1 ms, Max Speed: 0.00 M/s, Avg Speed: 0.00 M/s, Max Resolution: 1920x1080
Category: 🎥咪咕直播, Name: 咪咕直播28, Total: 1, Valid: 1, Valid Percent: 100.00%, Whitelist: 0, IPv4: 0, IPv6: 1, Min Delay: 0.1 ms, Max Speed: 0.00 M/s, Avg Speed: 0.00 M/s, Max Resolution: 1920x1080
Category: 🎥咪咕直播, Name: 咪咕直播29, Total: 1, Valid: 1, Valid Percent: 100.00%, Whitelist: 0, IPv4: 0, IPv6: 1, Min Delay: 0.1 ms, Max Speed: 0.00 M/s, Avg Speed: 0.00 M/s, Max Resolution: 1920x1080
Category: 🎥咪咕直播, Name: 咪咕直播30, Total: 1, Valid: 1, Valid Percent: 100.00%, Whitelist: 0, IPv4: 0, IPv6: 1, Min Delay: 0.1 ms, Max Speed: 0.00 M/s, Avg Speed: 0.00 M/s, Max Resolution: 1920x1080
Category: 🎥咪咕直播, Name: 咪咕直播31, Total: 1, Valid: 1, Valid Percent: 100.00%, Whitelist: 0, IPv4: 0, IPv6: 1, Min Delay: 0.1 ms, Max Speed: 0.00 M/s, Avg Speed: 0.00 M/s, Max Resolution: 1920x1080
Category: 🎥咪咕直播, Name: 咪咕直播32, Total: 1, Valid: 1, Valid Percent: 100.00%, Whitelist: 0, IPv4: 0, IPv6: 1, Min Delay: 0.1 ms, Max Speed: 0.00 M/s, Avg Speed: 0.00 M/s, Max Resolution: 1920x1080
Category: 🎥咪咕直播, Name: 咪咕直播33, Total: 1, Valid: 1, Valid Percent: 100.00%, Whitelist: 0, IPv4: 0, IPv6: 1, Min Delay: 0.1 ms, Max Speed: 0.00 M/s, Avg Speed: 0.00 M/s, Max Resolution: 1920x1080
Category: 🎥咪咕直播, Name: 咪咕直播34, Total: 1, Valid: 1, Valid Percent: 100.00%, Whitelist: 0, IPv4: 0, IPv6: 1, Min Delay: 0.1 ms, Max Speed: 0.00 M/s, Avg Speed: 0.00 M/s, Max Resolution: 1920x1080
Category: 🎥咪咕直播, Name: 咪咕直播35, Total: 1, Valid: 1, Valid Percent: 100.00%, Whitelist: 0, IPv4: 0, IPv6: 1, Min Delay: 0.1 ms, Max Speed: 0.00 M/s, Avg Speed: 0.00 M/s, Max Resolution: 1920x1080
Category: 🎥咪咕直播, Name: 咪咕直播36, Total: 1, Valid: 1, Valid Percent: 100.00%, Whitelist: 0, IPv4: 0, IPv6: 1, Min Delay: 0.1 ms, Max Speed: 0.00 M/s, Avg Speed: 0.00 M/s, Max Resolution: 1920x1080
Category: 🎥咪咕直播, Name: 咪咕直播37, Total: 1, Valid: 1, Valid Percent: 100.00%, Whitelist: 0, IPv4: 0, IPv6: 1, Min Delay: 0.1 ms, Max Speed: 0.00 M/s, Avg Speed: 0.00 M/s, Max Resolution: 1920x1080
Category: 🎥咪咕直播, Name: 咪咕直播38, Total: 1, Valid: 1, Valid Percent: 100.00%, Whitelist: 0, IPv4: 0, IPv6: 1, Min Delay: 0.1 ms, Max Speed: 0.00 M/s, Avg Speed: 0.00 M/s, Max Resolution: 1920x1080
Category: 🏀体育频道, Name: CCTV-5, Total: 94, Valid: 37, Valid Percent: 39.36%, Whitelist: 0, IPv4: 0, IPv6: 94, Min Delay: 0.1 ms, Max Speed: 0.00 M/s, Avg Speed: 0.00 M/s, Max Resolution: 1920x1080
Category: 🏀体育频道, Name: CCTV-5+, Total: 58, Valid: 41, Valid Percent: 70.69%, Whitelist: 0, IPv4: 0, IPv6: 58, Min Delay: 0.1 ms, Max Speed: 0.00 M/s, Avg Speed: 0.00 M/s, Max Resolution: 1920x1080
Category: 🏀体育频道, Name: 广东体育, Total: 59, Valid: 9, Valid Percent: 15.25%, Whitelist: 0, IPv4: 0, IPv6: 59, Min Delay: 0.1 ms, Max Speed: 0.00 M/s, Avg Speed: 0.00 M/s, Max Resolution: 1920x1080
Category: 🏀体育频道, Name: 纬来体育, Total: 8, Valid: 5, Valid Percent: 62.50%, Whitelist: 0, IPv4: 0, IPv6: 8, Min Delay: 0.1 ms, Max Speed: 0.00 M/s, Avg Speed: 0.00 M/s, Max Resolution: 1920x1080
Category: 🏀体育频道, Name: 五星体育, Total: 40, Valid: 18, Valid Percent: 45.00%, Whitelist: 0, IPv4: 0, IPv6: 40, Min Delay: 0.1 ms, Max Speed: 0.00 M/s, Avg Speed: 0.00 M/s, Max Resolution: 1920x1080
Category: 🏀体育频道, Name: 劲爆体育, Total: 9, Valid: 8, Valid Percent: 88.89%, Whitelist: 0, IPv4: 1, IPv6: 8, Min Delay: 0.1 ms, Max Speed: 0.00 M/s, Avg Speed: 0.00 M/s, Max Resolution: 1920x1080
Category: 🏀体育频道, Name: 爱体育, Total: 5, Valid: 4, Valid Percent: 80.00%, Whitelist: 0, IPv4: 0, IPv6: 5, Min Delay: 0.1 ms, Max Speed: 0.00 M/s, Avg Speed: 0.00 M/s, Max Resolution: 1920x1080
Category: 🏀体育频道, Name: 超级体育, Total: 7, Valid: 6, Valid Percent: 85.71%, Whitelist: 0, IPv4: 0, IPv6: 7, Min Delay: 0.1 ms, Max Speed: 0.00 M/s, Avg Speed: 0.00 M/s, Max Resolution: 1920x1080
Category: 🏀体育频道, Name: 精品体育, Total: 7, Valid: 5, Valid Percent: 71.43%, Whitelist: 0, IPv4: 0, IPv6: 7, Min Delay: 0.1 ms, Max Speed: 0.00 M/s, Avg Speed: 0.00 M/s, Max Resolution: 1920x1080
Category: 🏀体育频道, Name: 广州竞赛, Total: 24, Valid: 10, Valid Percent: 41.67%, Whitelist: 0, IPv4: 0, IPv6: 24, Min Delay: 0.1 ms, Max Speed: 0.00 M/s, Avg Speed: 0.00 M/s, Max Resolution: 1920x1080
Category: 🏀体育频道, Name: 辽宁体育, Total: 2, Valid: 2, Valid Percent: 100.00%, Whitelist: 0, IPv4: 0, IPv6: 2, Min Delay: 0.1 ms, Max Speed: 0.00 M/s, Avg Speed: 0.00 M/s, Max Resolution: 1920x1080
Category: 🏀体育频道, Name: 山东体育, Total: 11, Valid: 10, Valid Percent: 90.91%, Whitelist: 0, IPv4: 0, IPv6: 11, Min Delay: 0.1 ms, Max Speed: 0.00 M/s, Avg Speed: 0.00 M/s, Max Resolution: 1920x1080
Category: 🏀体育频道, Name: 天津体育, Total: 1, Valid: 1, Valid Percent: 100.00%, Whitelist: 0, IPv4: 1, IPv6: 0, Min Delay: 212 ms, Max Speed: 11.06 M/s, Avg Speed: 11.06 M/s, Max Resolution: 1280x720
Category: 🏀体育频道, Name: 江苏体育, Total: 17, Valid: 0, Valid Percent: 0.00%, Whitelist: 0, IPv4: 0, IPv6: 17, Min Delay: -1 ms, Max Speed: 0.00 M/s, Avg Speed: 0.00 M/s, Max Resolution: None
Category: 🏀体育频道, Name: 安徽综艺体育, Total: 5, Valid: 4, Valid Percent: 80.00%, Whitelist: 0, IPv4: 0, IPv6: 5, Min Delay: 0.1 ms, Max Speed: 0.00 M/s, Avg Speed: 0.00 M/s, Max Resolution: 1920x1080
Category: 🏀体育频道, Name: 睛彩篮球, Total: 2, Valid: 1, Valid Percent: 50.00%, Whitelist: 0, IPv4: 0, IPv6: 2, Min Delay: 0.1 ms, Max Speed: 0.00 M/s, Avg Speed: 0.00 M/s, Max Resolution: 1920x1080
Category: 🏀体育频道, Name: 睛彩广场舞, Total: 11, Valid: 0, Valid Percent: 0.00%, Whitelist: 0, IPv4: 0, IPv6: 11, Min Delay: -1 ms, Max Speed: 0.00 M/s, Avg Speed: 0.00 M/s, Max Resolution: None
Category: 🏀体育频道, Name: 风云足球, Total: 6, Valid: 4, Valid Percent: 66.67%, Whitelist: 0, IPv4: 0, IPv6: 6, Min Delay: 0.1 ms, Max Speed: 0.00 M/s, Avg Speed: 0.00 M/s, Max Resolution: 1920x1080
Category: 🏀体育频道, Name: 魅力足球, Total: 13, Valid: 10, Valid Percent: 76.92%, Whitelist: 0, IPv4: 0, IPv6: 13, Min Delay: 0.1 ms, Max Speed: 0.00 M/s, Avg Speed: 0.00 M/s, Max Resolution: 1920x1080
Category: 🏀体育频道, Name: 天元围棋, Total: 1, Valid: 0, Valid Percent: 0.00%, Whitelist: 0, IPv4: 0, IPv6: 1, Min Delay: -1 ms, Max Speed: 0.00 M/s, Avg Speed: 0.00 M/s, Max Resolution: None
Category: 🏀体育频道, Name: 快乐垂钓, Total: 11, Valid: 2, Valid Percent: 18.18%, Whitelist: 0, IPv4: 1, IPv6: 10, Min Delay: 0.1 ms, Max Speed: 18.55 M/s, Avg Speed: 9.27 M/s, Max Resolution: 1920x1080
Category: 🏀体育频道, Name: JJ斗地主, Total: 1, Valid: 0, Valid Percent: 0.00%, Whitelist: 0, IPv4: 0, IPv6: 1, Min Delay: -1 ms, Max Speed: 0.00 M/s, Avg Speed: 0.00 M/s, Max Resolution: None
Category: 🪁动画频道, Name: 卡酷动画, Total: 23, Valid: 0, Valid Percent: 0.00%, Whitelist: 0, IPv4: 0, IPv6: 23, Min Delay: -1 ms, Max Speed: 0.00 M/s, Avg Speed: 0.00 M/s, Max Resolution: None
Category: 🪁动画频道, Name: 动漫秀场, Total: 22, Valid: 15, Valid Percent: 68.18%, Whitelist: 0, IPv4: 0, IPv6: 22, Min Delay: 0.1 ms, Max Speed: 0.00 M/s, Avg Speed: 0.00 M/s, Max Resolution: 1920x1080
Category: 🪁动画频道, Name: 新动漫, Total: 9, Valid: 1, Valid Percent: 11.11%, Whitelist: 0, IPv4: 1, IPv6: 8, Min Delay: 68 ms, Max Speed: 15.09 M/s, Avg Speed: 15.09 M/s, Max Resolution: 1920x1080
Category: 🪁动画频道, Name: 青春动漫, Total: 2, Valid: 2, Valid Percent: 100.00%, Whitelist: 0, IPv4: 0, IPv6: 2, Min Delay: 0.1 ms, Max Speed: 0.00 M/s, Avg Speed: 0.00 M/s, Max Resolution: 1920x1080
Category: 🪁动画频道, Name: 爱动漫, Total: 5, Valid: 4, Valid Percent: 80.00%, Whitelist: 0, IPv4: 0, IPv6: 5, Min Delay: 0.1 ms, Max Speed: 0.00 M/s, Avg Speed: 0.00 M/s, Max Resolution: 1920x1080
Category: 🪁动画频道, Name: 宝宝动画, Total: 1, Valid: 1, Valid Percent: 100.00%, Whitelist: 0, IPv4: 0, IPv6: 1, Min Delay: 0.1 ms, Max Speed: 0.00 M/s, Avg Speed: 0.00 M/s, Max Resolution: 1920x1080
Category: 🪁动画频道, Name: CN卡通, Total: 3, Valid: 2, Valid Percent: 66.67%, Whitelist: 0, IPv4: 0, IPv6: 3, Min Delay: 0.1 ms, Max Speed: 0.00 M/s, Avg Speed: 0.00 M/s, Max Resolution: 1920x1080
Category: 🪁动画频道, Name: 优漫卡通, Total: 17, Valid: 12, Valid Percent: 70.59%, Whitelist: 0, IPv4: 0, IPv6: 17, Min Delay: 0.1 ms, Max Speed: 0.00 M/s, Avg Speed: 0.00 M/s, Max Resolution: 1920x1080
Category: 🪁动画频道, Name: 金鹰卡通, Total: 44, Valid: 34, Valid Percent: 77.27%, Whitelist: 0, IPv4: 3, IPv6: 41, Min Delay: 0.1 ms, Max Speed: 0.11 M/s, Avg Speed: 0.00 M/s, Max Resolution: 1920x1080
Category: 🪁动画频道, Name: 黑莓动画, Total: 8, Valid: 6, Valid Percent: 75.00%, Whitelist: 0, IPv4: 0, IPv6: 8, Min Delay: 0.1 ms, Max Speed: 0.00 M/s, Avg Speed: 0.00 M/s, Max Resolution: 1920x1080
Category: 🪁动画频道, Name: 炫动卡通, Total: 23, Valid: 0, Valid Percent: 0.00%, Whitelist: 0, IPv4: 0, IPv6: 23, Min Delay: -1 ms, Max Speed: 0.00 M/s, Avg Speed: 0.00 M/s, Max Resolution: None
Category: 🪁动画频道, Name: 24H国漫热播, Total: 1, Valid: 1, Valid Percent: 100.00%, Whitelist: 0, IPv4: 1, IPv6: 0, Min Delay: 36 ms, Max Speed: 11.29 M/s, Avg Speed: 11.29 M/s, Max Resolution: 1920x1080
Category: 🪁动画频道, Name: 浙江少儿, Total: 15, Valid: 12, Valid Percent: 80.00%, Whitelist: 0, IPv4: 0, IPv6: 15, Min Delay: 0.1 ms, Max Speed: 0.00 M/s, Avg Speed: 0.00 M/s, Max Resolution: 1920x1080
Category: 🪁动画频道, Name: 河北少儿科教, Total: 11, Valid: 8, Valid Percent: 72.73%, Whitelist: 0, IPv4: 0, IPv6: 11, Min Delay: 0.1 ms, Max Speed: 0.00 M/s, Avg Speed: 0.00 M/s, Max Resolution: 1920x1080
Category: 🪁动画频道, Name: 七龙珠, Total: 3, Valid: 0, Valid Percent: 0.00%, Whitelist: 0, IPv4: 0, IPv6: 3, Min Delay: -1 ms, Max Speed: 0.00 M/s, Avg Speed: 0.00 M/s, Max Resolution: None
Category: 🪁动画频道, Name: 火影忍者, Total: 1, Valid: 0, Valid Percent: 0.00%, Whitelist: 0, IPv4: 0, IPv6: 1, Min Delay: -1 ms, Max Speed: 0.00 M/s, Avg Speed: 0.00 M/s, Max Resolution: None
Category: 🪁动画频道, Name: 海绵宝宝, Total: 1, Valid: 1, Valid Percent: 100.00%, Whitelist: 0, IPv4: 0, IPv6: 1, Min Delay: 0.1 ms, Max Speed: 0.00 M/s, Avg Speed: 0.00 M/s, Max Resolution: 1920x1080
Category: 🪁动画频道, Name: 中华小当家, Total: 4, Valid: 2, Valid Percent: 50.00%, Whitelist: 0, IPv4: 0, IPv6: 4, Min Delay: 0.1 ms, Max Speed: 0.00 M/s, Avg Speed: 0.00 M/s, Max Resolution: 1920x1080
Category: 🪁动画频道, Name: 猫和老鼠, Total: 5, Valid: 2, Valid Percent: 40.00%, Whitelist: 0, IPv4: 0, IPv6: 5, Min Delay: 0.1 ms, Max Speed: 0.00 M/s, Avg Speed: 0.00 M/s, Max Resolution: 1920x1080
Category: 🪁动画频道, Name: 经典动漫, Total: 2, Valid: 2, Valid Percent: 100.00%, Whitelist: 0, IPv4: 0, IPv6: 2, Min Delay: 0.1 ms, Max Speed: 0.00 M/s, Avg Speed: 0.00 M/s, Max Resolution: 1920x1080
Category: 🪁动画频道, Name: 漫画解说, Total: 4, Valid: 2, Valid Percent: 50.00%, Whitelist: 0, IPv4: 0, IPv6: 4, Min Delay: 0.1 ms, Max Speed: 0.00 M/s, Avg Speed: 0.00 M/s, Max Resolution: 1920x1080
Category: 🎮游戏频道, Name: 游戏风云, Total: 8, Valid: 6, Valid Percent: 75.00%, Whitelist: 0, IPv4: 0, IPv6: 8, Min Delay: 0.1 ms, Max Speed: 0.00 M/s, Avg Speed: 0.00 M/s, Max Resolution: 1920x1080
Category: 🎮游戏频道, Name: 电竞天堂, Total: 1, Valid: 1, Valid Percent: 100.00%, Whitelist: 0, IPv4: 0, IPv6: 1, Min Delay: 0.1 ms, Max Speed: 0.00 M/s, Avg Speed: 0.00 M/s, Max Resolution: 1920x1080
Category: 🎮游戏频道, Name: 爱电竞, Total: 1, Valid: 1, Valid Percent: 100.00%, Whitelist: 0, IPv4: 0, IPv6: 1, Min Delay: 0.1 ms, Max Speed: 0.00 M/s, Avg Speed: 0.00 M/s, Max Resolution: 1920x1080
Category: 🎵音乐频道, Name: CCTV-15, Total: 95, Valid: 63, Valid Percent: 66.32%, Whitelist: 0, IPv4: 0, IPv6: 95, Min Delay: 0.1 ms, Max Speed: 0.00 M/s, Avg Speed: 0.00 M/s, Max Resolution: 1920x1080
Category: 🎵音乐频道, Name: 风云音乐, Total: 3, Valid: 0, Valid Percent: 0.00%, Whitelist: 0, IPv4: 0, IPv6: 3, Min Delay: -1 ms, Max Speed: 0.00 M/s, Avg Speed: 0.00 M/s, Max Resolution: None
Category: 🎵音乐频道, Name: 音乐现场, Total: 2, Valid: 2, Valid Percent: 100.00%, Whitelist: 0, IPv4: 2, IPv6: 0, Min Delay: 8 ms, Max Speed: 11.61 M/s, Avg Speed: 9.01 M/s, Max Resolution: None
Category: 🎵音乐频道, Name: 音乐之声, Total: 1, Valid: 1, Valid Percent: 100.00%, Whitelist: 0, IPv4: 1, IPv6: 0, Min Delay: 1126 ms, Max Speed: 0.13 M/s, Avg Speed: 0.13 M/s, Max Resolution: None
Category: 🎵音乐频道, Name: 潮流音乐, Total: 1, Valid: 1, Valid Percent: 100.00%, Whitelist: 0, IPv4: 1, IPv6: 0, Min Delay: 5256 ms, Max Speed: 0.01 M/s, Avg Speed: 0.01 M/s, Max Resolution: None
Category: 🎵音乐频道, Name: 音乐广播, Total: 19, Valid: 0, Valid Percent: 0.00%, Whitelist: 0, IPv4: 0, IPv6: 19, Min Delay: -1 ms, Max Speed: 0.00 M/s, Avg Speed: 0.00 M/s, Max Resolution: None
Category: 🏛经典剧场, Name: 笑傲江湖, Total: 7, Valid: 3, Valid Percent: 42.86%, Whitelist: 0, IPv4: 0, IPv6: 7, Min Delay: 0.1 ms, Max Speed: 0.00 M/s, Avg Speed: 0.00 M/s, Max Resolution: 1920x1080
Category: 🏛经典剧场, Name: 天龙八部, Total: 7, Valid: 4, Valid Percent: 57.14%, Whitelist: 0, IPv4: 0, IPv6: 7, Min Delay: 0.1 ms, Max Speed: 0.00 M/s, Avg Speed: 0.00 M/s, Max Resolution: 1920x1080
Category: 🏛经典剧场, Name: 鹿鼎记, Total: 1, Valid: 1, Valid Percent: 100.00%, Whitelist: 0, IPv4: 0, IPv6: 1, Min Delay: 0.1 ms, Max Speed: 0.00 M/s, Avg Speed: 0.00 M/s, Max Resolution: 1920x1080
Category: 🏛经典剧场, Name: 仙剑奇侠传, Total: 1, Valid: 1, Valid Percent: 100.00%, Whitelist: 0, IPv4: 0, IPv6: 1, Min Delay: 0.1 ms, Max Speed: 0.00 M/s, Avg Speed: 0.00 M/s, Max Resolution: 1920x1080
Category: 🏛经典剧场, Name: 西游记, Total: 5, Valid: 0, Valid Percent: 0.00%, Whitelist: 0, IPv4: 0, IPv6: 5, Min Delay: -1 ms, Max Speed: 0.00 M/s, Avg Speed: 0.00 M/s, Max Resolution: None
Category: 🏛经典剧场, Name: 三国演义, Total: 5, Valid: 2, Valid Percent: 40.00%, Whitelist: 0, IPv4: 0, IPv6: 5, Min Delay: 0.1 ms, Max Speed: 0.00 M/s, Avg Speed: 0.00 M/s, Max Resolution: 1920x1080
Category: 🏛经典剧场, Name: 水浒传, Total: 1, Valid: 1, Valid Percent: 100.00%, Whitelist: 0, IPv4: 0, IPv6: 1, Min Delay: 0.1 ms, Max Speed: 0.00 M/s, Avg Speed: 0.00 M/s, Max Resolution: 1920x1080
Category: 🏛经典剧场, Name: 新白娘子传奇, Total: 4, Valid: 4, Valid Percent: 100.00%, Whitelist: 0, IPv4: 0, IPv6: 4, Min Delay: 0.1 ms, Max Speed: 0.00 M/s, Avg Speed: 0.00 M/s, Max Resolution: 1920x1080
Category: 🏛经典剧场, Name: 济公游记, Total: 1, Valid: 1, Valid Percent: 100.00%, Whitelist: 0, IPv4: 0, IPv6: 1, Min Delay: 0.1 ms, Max Speed: 0.00 M/s, Avg Speed: 0.00 M/s, Max Resolution: 1920x1080
Category: 🏛经典剧场, Name: 封神榜, Total: 6, Valid: 3, Valid Percent: 50.00%, Whitelist: 0, IPv4: 0, IPv6: 6, Min Delay: 0.1 ms, Max Speed: 0.00 M/s, Avg Speed: 0.00 M/s, Max Resolution: 1920x1080
Category: 🏛经典剧场, Name: 上海滩, Total: 2, Valid: 2, Valid Percent: 100.00%, Whitelist: 0, IPv4: 0, IPv6: 2, Min Delay: 0.1 ms, Max Speed: 0.00 M/s, Avg Speed: 0.00 M/s, Max Resolution: 1920x1080
Category: 🏛经典剧场, Name: 射雕英雄传, Total: 3, Valid: 1, Valid Percent: 33.33%, Whitelist: 0, IPv4: 0, IPv6: 3, Min Delay: 0.1 ms, Max Speed: 0.00 M/s, Avg Speed: 0.00 M/s, Max Resolution: 1920x1080
